Workbook

Sheet Dashboard
A1: ✦ MeDa Partners | Dream · Deliver · Dominate Wayveda Inventory Dashboard | Warehouse Ops
A3: ⚠ Systems by MeDa Partners Pvt Ltd (www.meda.partners) | Brand: Wayveda® | Confidential & Proprietary
A4: Stock Health | D4: Monthly Dispatch | F4: Reorder | H4: Status
A6: Sr. | B6: Product Name | C6: ★ Balance (Current Stock) | D6: Last Month Dispatch | E6: This Month (So Far) | F6: Order Qty (Max − Balance) | G6: Latest Entry (Date + Qty) | H6: Status | I6: Alert
A7: 1 | B7: Bum Plumping Cream - 50g | C7: =Ledger!H7 -> 0 | D7: =IFERROR(SUMPRODUCT((MONTH('Daily Dispatch'!$A$7:$A$506)=IF(MONTH(TODAY())=1,12,MONTH(TODAY())-1))*(YEAR('Daily Dispatch'!$A$7:$A$506)=IF(MONTH(TODAY())=1,YEAR(TODAY())-1,YEAR(TODAY())))*ISNUMBER('Daily Dispatch'!$A$7:$A$506)*'Daily Dispatch'!B7:B506),0) -> 0 | E7: =IFERROR(SUMPRODUCT((MONTH('Daily Dispatch'!$A$7:$A$506)=MONTH(TODAY()))*(YEAR('Daily Dispatch'!$A$7:$A$506)=YEAR(TODAY()))*ISNUMBER('Daily Dispatch'!$A$7:$A$506)*'Daily Dispatch'!B7:B506),0) -> 0 | F7: =IFERROR(IF(Ledger!I7=0,"Set Max Level",MAX(0,Ledger!I7-Ledger!H7)),"—") -> Set Max Level | G7: =IFERROR(let(ldate,maxifs('Daily Dispatch'!$A$7:$A$506,'Daily Dispatch'!$A$7:$A$506,">0"),lqty,IFERROR(SUMIF('Daily Dispatch'!$A$7:$A$506,ldate,'Daily Dispatch'!B7:B506),0),datestr,IF(ldate=TODAY(),"Today",IF(ldate=TODAY()-1,"Yesterday",TEXT(ldate,"DD MMM"))),datestr&" — "&lqty&" units"),"No data yet") -> No data yet | H7: =IFERROR(IF(Ledger!I7=0,"⬜ Set Max Level",IF(Ledger!H7/Ledger!I7>1,"✅ Above Target",IF(Ledger!H7/Ledger!I7>=0.75,"✅ On Track",IF(Ledger!H7/Ledger!I7>=0.5,"🟡 Watch",IF(Ledger!H7/Ledger!I7>=0.25,"🔴 Low Stock","🔴 CRITICAL"))))),"—") -> ⬜ Set Max Level | I7: =IFERROR(IF(Ledger!I7=0,"—",IF(Ledger!H7<Ledger!I7*0.25,"🔴 ORDER NOW",IF(Ledger!H7<Ledger!I7*0.5,"⚠️ Plan Reorder","✅ OK"))),"—") -> —
A8: 2 | B8: Intimate Whitening Roll-On - 50ml | C8: =Ledger!H8 -> 0 | D8: =IFERROR(SUMPRODUCT((MONTH('Daily Dispatch'!$A$7:$A$506)=IF(MONTH(TODAY())=1,12,MONTH(TODAY())-1))*(YEAR('Daily Dispatch'!$A$7:$A$506)=IF(MONTH(TODAY())=1,YEAR(TODAY())-1,YEAR(TODAY())))*ISNUMBER('Daily Dispatch'!$A$7:$A$506)*'Daily Dispatch'!C7:C506),0) -> 0 | E8: =IFERROR(SUMPRODUCT((MONTH('Daily Dispatch'!$A$7:$A$506)=MONTH(TODAY()))*(YEAR('Daily Dispatch'!$A$7:$A$506)=YEAR(TODAY()))*ISNUMBER('Daily Dispatch'!$A$7:$A$506)*'Daily Dispatch'!C7:C506),0) -> 0 | F8: =IFERROR(IF(Ledger!I8=0,"Set Max Level",MAX(0,Ledger!I8-Ledger!H8)),"—") -> Set Max Level | G8: =IFERROR(let(ldate,maxifs('Daily Dispatch'!$A$7:$A$506,'Daily Dispatch'!$A$7:$A$506,">0"),lqty,IFERROR(SUMIF('Daily Dispatch'!$A$7:$A$506,ldate,'Daily Dispatch'!C7:C506),0),datestr,IF(ldate=TODAY(),"Today",IF(ldate=TODAY()-1,"Yesterday",TEXT(ldate,"DD MMM"))),datestr&" — "&lqty&" units"),"No data yet") -> No data yet | H8: =IFERROR(IF(Ledger!I8=0,"⬜ Set Max Level",IF(Ledger!H8/Ledger!I8>1,"✅ Above Target",IF(Ledger!H8/Ledger!I8>=0.75,"✅ On Track",IF(Ledger!H8/Ledger!I8>=0.5,"🟡 Watch",IF(Ledger!H8/Ledger!I8>=0.25,"🔴 Low Stock","🔴 CRITICAL"))))),"—") -> ⬜ Set Max Level | I8: =IFERROR(IF(Ledger!I8=0,"—",IF(Ledger!H8<Ledger!I8*0.25,"🔴 ORDER NOW",IF(Ledger!H8<Ledger!I8*0.5,"⚠️ Plan Reorder","✅ OK"))),"—") -> —
A9: 3 | B9: Chocolate Power Roll-On | C9: =Ledger!H9 -> 0 | D9: =IFERROR(SUMPRODUCT((MONTH('Daily Dispatch'!$A$7:$A$506)=IF(MONTH(TODAY())=1,12,MONTH(TODAY())-1))*(YEAR('Daily Dispatch'!$A$7:$A$506)=IF(MONTH(TODAY())=1,YEAR(TODAY())-1,YEAR(TODAY())))*ISNUMBER('Daily Dispatch'!$A$7:$A$506)*'Daily Dispatch'!D7:D506),0) -> 0 | E9: =IFERROR(SUMPRODUCT((MONTH('Daily Dispatch'!$A$7:$A$506)=MONTH(TODAY()))*(YEAR('Daily Dispatch'!$A$7:$A$506)=YEAR(TODAY()))*ISNUMBER('Daily Dispatch'!$A$7:$A$506)*'Daily Dispatch'!D7:D506),0) -> 0 | F9: =IFERROR(IF(Ledger!I9=0,"Set Max Level",MAX(0,Ledger!I9-Ledger!H9)),"—") -> Set Max Level | G9: =IFERROR(let(ldate,maxifs('Daily Dispatch'!$A$7:$A$506,'Daily Dispatch'!$A$7:$A$506,">0"),lqty,IFERROR(SUMIF('Daily Dispatch'!$A$7:$A$506,ldate,'Daily Dispatch'!D7:D506),0),datestr,IF(ldate=TODAY(),"Today",IF(ldate=TODAY()-1,"Yesterday",TEXT(ldate,"DD MMM"))),datestr&" — "&lqty&" units"),"No data yet") -> No data yet | H9: =IFERROR(IF(Ledger!I9=0,"⬜ Set Max Level",IF(Ledger!H9/Ledger!I9>1,"✅ Above Target",IF(Ledger!H9/Ledger!I9>=0.75,"✅ On Track",IF(Ledger!H9/Ledger!I9>=0.5,"🟡 Watch",IF(Ledger!H9/Ledger!I9>=0.25,"🔴 Low Stock","🔴 CRITICAL"))))),"—") -> ⬜ Set Max Level | I9: =IFERROR(IF(Ledger!I9=0,"—",IF(Ledger!H9<Ledger!I9*0.25,"🔴 ORDER NOW",IF(Ledger!H9<Ledger!I9*0.5,"⚠️ Plan Reorder","✅ OK"))),"—") -> —
A10: 4 | B10: Strawberry Power Roll-On | C10: =Ledger!H10 -> 0 | D10: =IFERROR(SUMPRODUCT((MONTH('Daily Dispatch'!$A$7:$A$506)=IF(MONTH(TODAY())=1,12,MONTH(TODAY())-1))*(YEAR('Daily Dispatch'!$A$7:$A$506)=IF(MONTH(TODAY())=1,YEAR(TODAY())-1,YEAR(TODAY())))*ISNUMBER('Daily Dispatch'!$A$7:$A$506)*'Daily Dispatch'!E7:E506),0) -> 0 | E10: =IFERROR(SUMPRODUCT((MONTH('Daily Dispatch'!$A$7:$A$506)=MONTH(TODAY()))*(YEAR('Daily Dispatch'!$A$7:$A$506)=YEAR(TODAY()))*ISNUMBER('Daily Dispatch'!$A$7:$A$506)*'Daily Dispatch'!E7:E506),0) -> 0 | F10: =IFERROR(IF(Ledger!I10=0,"Set Max Level",MAX(0,Ledger!I10-Ledger!H10)),"—") -> Set Max Level | G10: =IFERROR(let(ldate,maxifs('Daily Dispatch'!$A$7:$A$506,'Daily Dispatch'!$A$7:$A$506,">0"),lqty,IFERROR(SUMIF('Daily Dispatch'!$A$7:$A$506,ldate,'Daily Dispatch'!E7:E506),0),datestr,IF(ldate=TODAY(),"Today",IF(ldate=TODAY()-1,"Yesterday",TEXT(ldate,"DD MMM"))),datestr&" — "&lqty&" units"),"No data yet") -> No data yet | H10: =IFERROR(IF(Ledger!I10=0,"⬜ Set Max Level",IF(Ledger!H10/Ledger!I10>1,"✅ Above Target",IF(Ledger!H10/Ledger!I10>=0.75,"✅ On Track",IF(Ledger!H10/Ledger!I10>=0.5,"🟡 Watch",IF(Ledger!H10/Ledger!I10>=0.25,"🔴 Low Stock","🔴 CRITICAL"))))),"—") -> ⬜ Set Max Level | I10: =IFERROR(IF(Ledger!I10=0,"—",IF(Ledger!H10<Ledger!I10*0.25,"🔴 ORDER NOW",IF(Ledger!H10<Ledger!I10*0.5,"⚠️ Plan Reorder","✅ OK"))),"—") -> —
A11: 5 | B11: Bhasam Power Capsule | C11: =Ledger!H11 -> 0 | D11: =IFERROR(SUMPRODUCT((MONTH('Daily Dispatch'!$A$7:$A$506)=IF(MONTH(TODAY())=1,12,MONTH(TODAY())-1))*(YEAR('Daily Dispatch'!$A$7:$A$506)=IF(MONTH(TODAY())=1,YEAR(TODAY())-1,YEAR(TODAY())))*ISNUMBER('Daily Dispatch'!$A$7:$A$506)*'Daily Dispatch'!F7:F506),0) -> 0 | E11: =IFERROR(SUMPRODUCT((MONTH('Daily Dispatch'!$A$7:$A$506)=MONTH(TODAY()))*(YEAR('Daily Dispatch'!$A$7:$A$506)=YEAR(TODAY()))*ISNUMBER('Daily Dispatch'!$A$7:$A$506)*'Daily Dispatch'!F7:F506),0) -> 0 | F11: =IFERROR(IF(Ledger!I11=0,"Set Max Level",MAX(0,Ledger!I11-Ledger!H11)),"—") -> Set Max Level | G11: =IFERROR(let(ldate,maxifs('Daily Dispatch'!$A$7:$A$506,'Daily Dispatch'!$A$7:$A$506,">0"),lqty,IFERROR(SUMIF('Daily Dispatch'!$A$7:$A$506,ldate,'Daily Dispatch'!F7:F506),0),datestr,IF(ldate=TODAY(),"Today",IF(ldate=TODAY()-1,"Yesterday",TEXT(ldate,"DD MMM"))),datestr&" — "&lqty&" units"),"No data yet") -> No data yet | H11: =IFERROR(IF(Ledger!I11=0,"⬜ Set Max Level",IF(Ledger!H11/Ledger!I11>1,"✅ Above Target",IF(Ledger!H11/Ledger!I11>=0.75,"✅ On Track",IF(Ledger!H11/Ledger!I11>=0.5,"🟡 Watch",IF(Ledger!H11/Ledger!I11>=0.25,"🔴 Low Stock","🔴 CRITICAL"))))),"—") -> ⬜ Set Max Level | I11: =IFERROR(IF(Ledger!I11=0,"—",IF(Ledger!H11<Ledger!I11*0.25,"🔴 ORDER NOW",IF(Ledger!H11<Ledger!I11*0.5,"⚠️ Plan Reorder","✅ OK"))),"—") -> —
A12: 6 | B12: Power Shots Sachet | C12: =Ledger!H12 -> 0 | D12: =IFERROR(SUMPRODUCT((MONTH('Daily Dispatch'!$A$7:$A$506)=IF(MONTH(TODAY())=1,12,MONTH(TODAY())-1))*(YEAR('Daily Dispatch'!$A$7:$A$506)=IF(MONTH(TODAY())=1,YEAR(TODAY())-1,YEAR(TODAY())))*ISNUMBER('Daily Dispatch'!$A$7:$A$506)*'Daily Dispatch'!G7:G506),0) -> 0 | E12: =IFERROR(SUMPRODUCT((MONTH('Daily Dispatch'!$A$7:$A$506)=MONTH(TODAY()))*(YEAR('Daily Dispatch'!$A$7:$A$506)=YEAR(TODAY()))*ISNUMBER('Daily Dispatch'!$A$7:$A$506)*'Daily Dispatch'!G7:G506),0) -> 0 | F12: =IFERROR(IF(Ledger!I12=0,"Set Max Level",MAX(0,Ledger!I12-Ledger!H12)),"—") -> Set Max Level | G12: =IFERROR(let(ldate,maxifs('Daily Dispatch'!$A$7:$A$506,'Daily Dispatch'!$A$7:$A$506,">0"),lqty,IFERROR(SUMIF('Daily Dispatch'!$A$7:$A$506,ldate,'Daily Dispatch'!G7:G506),0),datestr,IF(ldate=TODAY(),"Today",IF(ldate=TODAY()-1,"Yesterday",TEXT(ldate,"DD MMM"))),datestr&" — "&lqty&" units"),"No data yet") -> No data yet | H12: =IFERROR(IF(Ledger!I12=0,"⬜ Set Max Level",IF(Ledger!H12/Ledger!I12>1,"✅ Above Target",IF(Ledger!H12/Ledger!I12>=0.75,"✅ On Track",IF(Ledger!H12/Ledger!I12>=0.5,"🟡 Watch",IF(Ledger!H12/Ledger!I12>=0.25,"🔴 Low Stock","🔴 CRITICAL"))))),"—") -> ⬜ Set Max Level | I12: =IFERROR(IF(Ledger!I12=0,"—",IF(Ledger!H12<Ledger!I12*0.25,"🔴 ORDER NOW",IF(Ledger!H12<Ledger!I12*0.5,"⚠️ Plan Reorder","✅ OK"))),"—") -> —
A13: 7 | B13: Hairfall Control Serum - 50ml | C13: =Ledger!H13 -> 0 | D13: =IFERROR(SUMPRODUCT((MONTH('Daily Dispatch'!$A$7:$A$506)=IF(MONTH(TODAY())=1,12,MONTH(TODAY())-1))*(YEAR('Daily Dispatch'!$A$7:$A$506)=IF(MONTH(TODAY())=1,YEAR(TODAY())-1,YEAR(TODAY())))*ISNUMBER('Daily Dispatch'!$A$7:$A$506)*'Daily Dispatch'!H7:H506),0) -> 0 | E13: =IFERROR(SUMPRODUCT((MONTH('Daily Dispatch'!$A$7:$A$506)=MONTH(TODAY()))*(YEAR('Daily Dispatch'!$A$7:$A$506)=YEAR(TODAY()))*ISNUMBER('Daily Dispatch'!$A$7:$A$506)*'Daily Dispatch'!H7:H506),0) -> 0 | F13: =IFERROR(IF(Ledger!I13=0,"Set Max Level",MAX(0,Ledger!I13-Ledger!H13)),"—") -> Set Max Level | G13: =IFERROR(let(ldate,maxifs('Daily Dispatch'!$A$7:$A$506,'Daily Dispatch'!$A$7:$A$506,">0"),lqty,IFERROR(SUMIF('Daily Dispatch'!$A$7:$A$506,ldate,'Daily Dispatch'!H7:H506),0),datestr,IF(ldate=TODAY(),"Today",IF(ldate=TODAY()-1,"Yesterday",TEXT(ldate,"DD MMM"))),datestr&" — "&lqty&" units"),"No data yet") -> No data yet | H13: =IFERROR(IF(Ledger!I13=0,"⬜ Set Max Level",IF(Ledger!H13/Ledger!I13>1,"✅ Above Target",IF(Ledger!H13/Ledger!I13>=0.75,"✅ On Track",IF(Ledger!H13/Ledger!I13>=0.5,"🟡 Watch",IF(Ledger!H13/Ledger!I13>=0.25,"🔴 Low Stock","🔴 CRITICAL"))))),"—") -> ⬜ Set Max Level | I13: =IFERROR(IF(Ledger!I13=0,"—",IF(Ledger!H13<Ledger!I13*0.25,"🔴 ORDER NOW",IF(Ledger!H13<Ledger!I13*0.5,"⚠️ Plan Reorder","✅ OK"))),"—") -> —
A14: 8 | B14: Hairfall Control Shampoo - 200ml | C14: =Ledger!H14 -> 0 | D14: =IFERROR(SUMPRODUCT((MONTH('Daily Dispatch'!$A$7:$A$506)=IF(MONTH(TODAY())=1,12,MONTH(TODAY())-1))*(YEAR('Daily Dispatch'!$A$7:$A$506)=IF(MONTH(TODAY())=1,YEAR(TODAY())-1,YEAR(TODAY())))*ISNUMBER('Daily Dispatch'!$A$7:$A$506)*'Daily Dispatch'!I7:I506),0) -> 0 | E14: =IFERROR(SUMPRODUCT((MONTH('Daily Dispatch'!$A$7:$A$506)=MONTH(TODAY()))*(YEAR('Daily Dispatch'!$A$7:$A$506)=YEAR(TODAY()))*ISNUMBER('Daily Dispatch'!$A$7:$A$506)*'Daily Dispatch'!I7:I506),0) -> 0 | F14: =IFERROR(IF(Ledger!I14=0,"Set Max Level",MAX(0,Ledger!I14-Ledger!H14)),"—") -> Set Max Level | G14: =IFERROR(let(ldate,maxifs('Daily Dispatch'!$A$7:$A$506,'Daily Dispatch'!$A$7:$A$506,">0"),lqty,IFERROR(SUMIF('Daily Dispatch'!$A$7:$A$506,ldate,'Daily Dispatch'!I7:I506),0),datestr,IF(ldate=TODAY(),"Today",IF(ldate=TODAY()-1,"Yesterday",TEXT(ldate,"DD MMM"))),datestr&" — "&lqty&" units"),"No data yet") -> No data yet | H14: =IFERROR(IF(Ledger!I14=0,"⬜ Set Max Level",IF(Ledger!H14/Ledger!I14>1,"✅ Above Target",IF(Ledger!H14/Ledger!I14>=0.75,"✅ On Track",IF(Ledger!H14/Ledger!I14>=0.5,"🟡 Watch",IF(Ledger!H14/Ledger!I14>=0.25,"🔴 Low Stock","🔴 CRITICAL"))))),"—") -> ⬜ Set Max Level | I14: =IFERROR(IF(Ledger!I14=0,"—",IF(Ledger!H14<Ledger!I14*0.25,"🔴 ORDER NOW",IF(Ledger!H14<Ledger!I14*0.5,"⚠️ Plan Reorder","✅ OK"))),"—") -> —
A15: 9 | B15: Hairfall Control Tablets - 60N | C15: =Ledger!H15 -> 0 | D15: =IFERROR(SUMPRODUCT((MONTH('Daily Dispatch'!$A$7:$A$506)=IF(MONTH(TODAY())=1,12,MONTH(TODAY())-1))*(YEAR('Daily Dispatch'!$A$7:$A$506)=IF(MONTH(TODAY())=1,YEAR(TODAY())-1,YEAR(TODAY())))*ISNUMBER('Daily Dispatch'!$A$7:$A$506)*'Daily Dispatch'!J7:J506),0) -> 0 | E15: =IFERROR(SUMPRODUCT((MONTH('Daily Dispatch'!$A$7:$A$506)=MONTH(TODAY()))*(YEAR('Daily Dispatch'!$A$7:$A$506)=YEAR(TODAY()))*ISNUMBER('Daily Dispatch'!$A$7:$A$506)*'Daily Dispatch'!J7:J506),0) -> 0 | F15: =IFERROR(IF(Ledger!I15=0,"Set Max Level",MAX(0,Ledger!I15-Ledger!H15)),"—") -> Set Max Level | G15: =IFERROR(let(ldate,maxifs('Daily Dispatch'!$A$7:$A$506,'Daily Dispatch'!$A$7:$A$506,">0"),lqty,IFERROR(SUMIF('Daily Dispatch'!$A$7:$A$506,ldate,'Daily Dispatch'!J7:J506),0),datestr,IF(ldate=TODAY(),"Today",IF(ldate=TODAY()-1,"Yesterday",TEXT(ldate,"DD MMM"))),datestr&" — "&lqty&" units"),"No data yet") -> No data yet | H15: =IFERROR(IF(Ledger!I15=0,"⬜ Set Max Level",IF(Ledger!H15/Ledger!I15>1,"✅ Above Target",IF(Ledger!H15/Ledger!I15>=0.75,"✅ On Track",IF(Ledger!H15/Ledger!I15>=0.5,"🟡 Watch",IF(Ledger!H15/Ledger!I15>=0.25,"🔴 Low Stock","🔴 CRITICAL"))))),"—") -> ⬜ Set Max Level | I15: =IFERROR(IF(Ledger!I15=0,"—",IF(Ledger!H15<Ledger!I15*0.25,"🔴 ORDER NOW",IF(Ledger!H15<Ledger!I15*0.5,"⚠️ Plan Reorder","✅ OK"))),"—") -> —
A16: 10 | B16: Anti-Hairfall Kit | C16: =Ledger!H16 -> 0 | D16: =IFERROR(SUMPRODUCT((MONTH('Daily Dispatch'!$A$7:$A$506)=IF(MONTH(TODAY())=1,12,MONTH(TODAY())-1))*(YEAR('Daily Dispatch'!$A$7:$A$506)=IF(MONTH(TODAY())=1,YEAR(TODAY())-1,YEAR(TODAY())))*ISNUMBER('Daily Dispatch'!$A$7:$A$506)*'Daily Dispatch'!K7:K506),0) -> 0 | E16: =IFERROR(SUMPRODUCT((MONTH('Daily Dispatch'!$A$7:$A$506)=MONTH(TODAY()))*(YEAR('Daily Dispatch'!$A$7:$A$506)=YEAR(TODAY()))*ISNUMBER('Daily Dispatch'!$A$7:$A$506)*'Daily Dispatch'!K7:K506),0) -> 0 | F16: =IFERROR(IF(Ledger!I16=0,"Set Max Level",MAX(0,Ledger!I16-Ledger!H16)),"—") -> Set Max Level | G16: =IFERROR(let(ldate,maxifs('Daily Dispatch'!$A$7:$A$506,'Daily Dispatch'!$A$7:$A$506,">0"),lqty,IFERROR(SUMIF('Daily Dispatch'!$A$7:$A$506,ldate,'Daily Dispatch'!K7:K506),0),datestr,IF(ldate=TODAY(),"Today",IF(ldate=TODAY()-1,"Yesterday",TEXT(ldate,"DD MMM"))),datestr&" — "&lqty&" units"),"No data yet") -> No data yet | H16: =IFERROR(IF(Ledger!I16=0,"⬜ Set Max Level",IF(Ledger!H16/Ledger!I16>1,"✅ Above Target",IF(Ledger!H16/Ledger!I16>=0.75,"✅ On Track",IF(Ledger!H16/Ledger!I16>=0.5,"🟡 Watch",IF(Ledger!H16/Ledger!I16>=0.25,"🔴 Low Stock","🔴 CRITICAL"))))),"—") -> ⬜ Set Max Level | I16: =IFERROR(IF(Ledger!I16=0,"—",IF(Ledger!H16<Ledger!I16*0.25,"🔴 ORDER NOW",IF(Ledger!H16<Ledger!I16*0.5,"⚠️ Plan Reorder","✅ OK"))),"—") -> —
A17: 11 | B17: Power Roll Oil Unflavoured | C17: =Ledger!H17 -> 0 | D17: =IFERROR(SUMPRODUCT((MONTH('Daily Dispatch'!$A$7:$A$506)=IF(MONTH(TODAY())=1,12,MONTH(TODAY())-1))*(YEAR('Daily Dispatch'!$A$7:$A$506)=IF(MONTH(TODAY())=1,YEAR(TODAY())-1,YEAR(TODAY())))*ISNUMBER('Daily Dispatch'!$A$7:$A$506)*'Daily Dispatch'!L7:L506),0) -> 0 | E17: =IFERROR(SUMPRODUCT((MONTH('Daily Dispatch'!$A$7:$A$506)=MONTH(TODAY()))*(YEAR('Daily Dispatch'!$A$7:$A$506)=YEAR(TODAY()))*ISNUMBER('Daily Dispatch'!$A$7:$A$506)*'Daily Dispatch'!L7:L506),0) -> 0 | F17: =IFERROR(IF(Ledger!I17=0,"Set Max Level",MAX(0,Ledger!I17-Ledger!H17)),"—") -> Set Max Level | G17: =IFERROR(let(ldate,maxifs('Daily Dispatch'!$A$7:$A$506,'Daily Dispatch'!$A$7:$A$506,">0"),lqty,IFERROR(SUMIF('Daily Dispatch'!$A$7:$A$506,ldate,'Daily Dispatch'!L7:L506),0),datestr,IF(ldate=TODAY(),"Today",IF(ldate=TODAY()-1,"Yesterday",TEXT(ldate,"DD MMM"))),datestr&" — "&lqty&" units"),"No data yet") -> No data yet | H17: =IFERROR(IF(Ledger!I17=0,"⬜ Set Max Level",IF(Ledger!H17/Ledger!I17>1,"✅ Above Target",IF(Ledger!H17/Ledger!I17>=0.75,"✅ On Track",IF(Ledger!H17/Ledger!I17>=0.5,"🟡 Watch",IF(Ledger!H17/Ledger!I17>=0.25,"🔴 Low Stock","🔴 CRITICAL"))))),"—") -> ⬜ Set Max Level | I17: =IFERROR(IF(Ledger!I17=0,"—",IF(Ledger!H17<Ledger!I17*0.25,"🔴 ORDER NOW",IF(Ledger!H17<Ledger!I17*0.5,"⚠️ Plan Reorder","✅ OK"))),"—") -> —
A18: 12 | B18: Power Shot Oil | C18: =Ledger!H18 -> 0 | D18: =IFERROR(SUMPRODUCT((MONTH('Daily Dispatch'!$A$7:$A$506)=IF(MONTH(TODAY())=1,12,MONTH(TODAY())-1))*(YEAR('Daily Dispatch'!$A$7:$A$506)=IF(MONTH(TODAY())=1,YEAR(TODAY())-1,YEAR(TODAY())))*ISNUMBER('Daily Dispatch'!$A$7:$A$506)*'Daily Dispatch'!M7:M506),0) -> 0 | E18: =IFERROR(SUMPRODUCT((MONTH('Daily Dispatch'!$A$7:$A$506)=MONTH(TODAY()))*(YEAR('Daily Dispatch'!$A$7:$A$506)=YEAR(TODAY()))*ISNUMBER('Daily Dispatch'!$A$7:$A$506)*'Daily Dispatch'!M7:M506),0) -> 0 | F18: =IFERROR(IF(Ledger!I18=0,"Set Max Level",MAX(0,Ledger!I18-Ledger!H18)),"—") -> Set Max Level | G18: =IFERROR(let(ldate,maxifs('Daily Dispatch'!$A$7:$A$506,'Daily Dispatch'!$A$7:$A$506,">0"),lqty,IFERROR(SUMIF('Daily Dispatch'!$A$7:$A$506,ldate,'Daily Dispatch'!M7:M506),0),datestr,IF(ldate=TODAY(),"Today",IF(ldate=TODAY()-1,"Yesterday",TEXT(ldate,"DD MMM"))),datestr&" — "&lqty&" units"),"No data yet") -> No data yet | H18: =IFERROR(IF(Ledger!I18=0,"⬜ Set Max Level",IF(Ledger!H18/Ledger!I18>1,"✅ Above Target",IF(Ledger!H18/Ledger!I18>=0.75,"✅ On Track",IF(Ledger!H18/Ledger!I18>=0.5,"🟡 Watch",IF(Ledger!H18/Ledger!I18>=0.25,"🔴 Low Stock","🔴 CRITICAL"))))),"—") -> ⬜ Set Max Level | I18: =IFERROR(IF(Ledger!I18=0,"—",IF(Ledger!H18<Ledger!I18*0.25,"🔴 ORDER NOW",IF(Ledger!H18<Ledger!I18*0.5,"⚠️ Plan Reorder","✅ OK"))),"—") -> —
A21: Last Updated by Vendor: — (auto-updates when Google Form is submitted)
A23: © 2026 MeDa Partners Pvt Ltd · Systems by MeDa Partners · Brand: Wayveda® · www.meda.partners · Dream. Deliver. Dominate.

Sheet Ledger
A1: ✦ MeDa Partners | Dream · Deliver · Dominate Wayveda Inventory Ledger | Warehouse Ops — Full Detail
A3: ⚠ Systems by MeDa Partners Pvt Ltd (www.meda.partners) | Brand: Wayveda® | Confidential & Proprietary
A4: Section 1 — Stock Movement | H4: Section 2 — Targets & Health | L4: Section 3 — Monthly Dispatch | O4: Section 4 — RTO Quality | R4: Reorder
A6: Sr. | B6: Product Name | C6: Opening Stock ⚠ Fill Once | D6: Total Stock Received | E6: Total Dispatched | F6: RTO Right (Recovered +) | G6: RTO Wrong+Fake (Lost −) | H6: ★ BALANCE (Current) | I6: Max Level ★ Fill This | J6: Stock % | K6: Status | L6: Last Month Dispatch | M6: This Month (So Far) | N6: Latest Entry (Date + Qty) | O6: RTO Rate % | P6: Warehouse Fault % | Q6: Recoverable Units | R6: Order Qty (Max−Balance) | S6: Reorder Alert
A7: 1 | B7: Bum Plumping Cream - 50g | C7: 0 | D7: =IFERROR(SUM('Stock In'!F:F),0) -> 0 | E7: =IFERROR(SUM('Daily Dispatch'!B:B),0) -> 0 | F7: =IFERROR(SUM('RTO Log'!B:B),0) -> 0 | G7: =IFERROR(SUM('RTO Log'!C:C)+SUM('RTO Log'!D:D),0) -> 0 | H7: =C7+D7+F7-G7-E7 -> 0 | J7: =IFERROR(IF(I7=0,"—",TEXT(ROUND(H7/I7*100,1),"0.0")&"%"),"—") -> — | K7: =IFERROR(IF(I7=0,"⬜ Set Max Level",IF(H7/I7>1,"✅ Above Target",IF(H7/I7>=0.75,"✅ On Track",IF(H7/I7>=0.5,"🟡 Watch",IF(H7/I7>=0.25,"🔴 Low Stock","🔴 CRITICAL"))))),"—") -> ⬜ Set Max Level | L7: =IFERROR(SUMPRODUCT((MONTH('Daily Dispatch'!$A$7:$A$506)=IF(MONTH(TODAY())=1,12,MONTH(TODAY())-1))*(YEAR('Daily Dispatch'!$A$7:$A$506)=IF(MONTH(TODAY())=1,YEAR(TODAY())-1,YEAR(TODAY())))*ISNUMBER('Daily Dispatch'!$A$7:$A$506)*'Daily Dispatch'!B7:B506),0) -> 0 | M7: =IFERROR(SUMPRODUCT((MONTH('Daily Dispatch'!$A$7:$A$506)=MONTH(TODAY()))*(YEAR('Daily Dispatch'!$A$7:$A$506)=YEAR(TODAY()))*ISNUMBER('Daily Dispatch'!$A$7:$A$506)*'Daily Dispatch'!B7:B506),0) -> 0 | N7: =IFERROR(let(ldate,maxifs('Daily Dispatch'!$A$7:$A$506,'Daily Dispatch'!$A$7:$A$506,">0"),lqty,IFERROR(SUMIF('Daily Dispatch'!$A$7:$A$506,ldate,'Daily Dispatch'!B7:B506),0),datestr,IF(ldate=TODAY(),"Today",IF(ldate=TODAY()-1,"Yesterday",TEXT(ldate,"DD MMM"))),datestr&" — "&lqty&" units"),"No data yet") -> No data yet | O7: =IFERROR(IF(E7=0,"—",TEXT(ROUND((F7+G7)/E7*100,1),"0.0")&"%"),"—") -> — | P7: =IFERROR(IF(E7=0,"—",TEXT(ROUND(G7/E7*100,1),"0.0")&"%"),"—") -> — | Q7: =F7 -> 0 | R7: =IFERROR(IF(I7=0,"Set Max Level",MAX(0,I7-H7)),"—") -> Set Max Level | S7: =IFERROR(IF(I7=0,"—",IF(H7<I7*0.25,"🔴 ORDER NOW",IF(H7<I7*0.5,"⚠️ Plan Reorder","✅ OK"))),"—") -> —
A8: 2 | B8: Intimate Whitening Roll-On - 50ml | C8: 0 | D8: =IFERROR(SUM('Stock In'!I:I),0) -> 0 | E8: =IFERROR(SUM('Daily Dispatch'!C:C),0) -> 0 | F8: =IFERROR(SUM('RTO Log'!E:E),0) -> 0 | G8: =IFERROR(SUM('RTO Log'!F:F)+SUM('RTO Log'!G:G),0) -> 0 | H8: =C8+D8+F8-G8-E8 -> 0 | J8: =IFERROR(IF(I8=0,"—",TEXT(ROUND(H8/I8*100,1),"0.0")&"%"),"—") -> — | K8: =IFERROR(IF(I8=0,"⬜ Set Max Level",IF(H8/I8>1,"✅ Above Target",IF(H8/I8>=0.75,"✅ On Track",IF(H8/I8>=0.5,"🟡 Watch",IF(H8/I8>=0.25,"🔴 Low Stock","🔴 CRITICAL"))))),"—") -> ⬜ Set Max Level | L8: =IFERROR(SUMPRODUCT((MONTH('Daily Dispatch'!$A$7:$A$506)=IF(MONTH(TODAY())=1,12,MONTH(TODAY())-1))*(YEAR('Daily Dispatch'!$A$7:$A$506)=IF(MONTH(TODAY())=1,YEAR(TODAY())-1,YEAR(TODAY())))*ISNUMBER('Daily Dispatch'!$A$7:$A$506)*'Daily Dispatch'!C7:C506),0) -> 0 | M8: =IFERROR(SUMPRODUCT((MONTH('Daily Dispatch'!$A$7:$A$506)=MONTH(TODAY()))*(YEAR('Daily Dispatch'!$A$7:$A$506)=YEAR(TODAY()))*ISNUMBER('Daily Dispatch'!$A$7:$A$506)*'Daily Dispatch'!C7:C506),0) -> 0 | N8: =IFERROR(let(ldate,maxifs('Daily Dispatch'!$A$7:$A$506,'Daily Dispatch'!$A$7:$A$506,">0"),lqty,IFERROR(SUMIF('Daily Dispatch'!$A$7:$A$506,ldate,'Daily Dispatch'!C7:C506),0),datestr,IF(ldate=TODAY(),"Today",IF(ldate=TODAY()-1,"Yesterday",TEXT(ldate,"DD MMM"))),datestr&" — "&lqty&" units"),"No data yet") -> No data yet | O8: =IFERROR(IF(E8=0,"—",TEXT(ROUND((F8+G8)/E8*100,1),"0.0")&"%"),"—") -> — | P8: =IFERROR(IF(E8=0,"—",TEXT(ROUND(G8/E8*100,1),"0.0")&"%"),"—") -> — | Q8: =F8 -> 0 | R8: =IFERROR(IF(I8=0,"Set Max Level",MAX(0,I8-H8)),"—") -> Set Max Level | S8: =IFERROR(IF(I8=0,"—",IF(H8<I8*0.25,"🔴 ORDER NOW",IF(H8<I8*0.5,"⚠️ Plan Reorder","✅ OK"))),"—") -> —
A9: 3 | B9: Chocolate Power Roll-On | C9: 0 | D9: =IFERROR(SUM('Stock In'!L:L),0) -> 0 | E9: =IFERROR(SUM('Daily Dispatch'!D:D),0) -> 0 | F9: =IFERROR(SUM('RTO Log'!H:H),0) -> 0 | G9: =IFERROR(SUM('RTO Log'!I:I)+SUM('RTO Log'!J:J),0) -> 0 | H9: =C9+D9+F9-G9-E9 -> 0 | J9: =IFERROR(IF(I9=0,"—",TEXT(ROUND(H9/I9*100,1),"0.0")&"%"),"—") -> — | K9: =IFERROR(IF(I9=0,"⬜ Set Max Level",IF(H9/I9>1,"✅ Above Target",IF(H9/I9>=0.75,"✅ On Track",IF(H9/I9>=0.5,"🟡 Watch",IF(H9/I9>=0.25,"🔴 Low Stock","🔴 CRITICAL"))))),"—") -> ⬜ Set Max Level | L9: =IFERROR(SUMPRODUCT((MONTH('Daily Dispatch'!$A$7:$A$506)=IF(MONTH(TODAY())=1,12,MONTH(TODAY())-1))*(YEAR('Daily Dispatch'!$A$7:$A$506)=IF(MONTH(TODAY())=1,YEAR(TODAY())-1,YEAR(TODAY())))*ISNUMBER('Daily Dispatch'!$A$7:$A$506)*'Daily Dispatch'!D7:D506),0) -> 0 | M9: =IFERROR(SUMPRODUCT((MONTH('Daily Dispatch'!$A$7:$A$506)=MONTH(TODAY()))*(YEAR('Daily Dispatch'!$A$7:$A$506)=YEAR(TODAY()))*ISNUMBER('Daily Dispatch'!$A$7:$A$506)*'Daily Dispatch'!D7:D506),0) -> 0 | N9: =IFERROR(let(ldate,maxifs('Daily Dispatch'!$A$7:$A$506,'Daily Dispatch'!$A$7:$A$506,">0"),lqty,IFERROR(SUMIF('Daily Dispatch'!$A$7:$A$506,ldate,'Daily Dispatch'!D7:D506),0),datestr,IF(ldate=TODAY(),"Today",IF(ldate=TODAY()-1,"Yesterday",TEXT(ldate,"DD MMM"))),datestr&" — "&lqty&" units"),"No data yet") -> No data yet | O9: =IFERROR(IF(E9=0,"—",TEXT(ROUND((F9+G9)/E9*100,1),"0.0")&"%"),"—") -> — | P9: =IFERROR(IF(E9=0,"—",TEXT(ROUND(G9/E9*100,1),"0.0")&"%"),"—") -> — | Q9: =F9 -> 0 | R9: =IFERROR(IF(I9=0,"Set Max Level",MAX(0,I9-H9)),"—") -> Set Max Level | S9: =IFERROR(IF(I9=0,"—",IF(H9<I9*0.25,"🔴 ORDER NOW",IF(H9<I9*0.5,"⚠️ Plan Reorder","✅ OK"))),"—") -> —
A10: 4 | B10: Strawberry Power Roll-On | C10: 0 | D10: =IFERROR(SUM('Stock In'!O:O),0) -> 0 | E10: =IFERROR(SUM('Daily Dispatch'!E:E),0) -> 0 | F10: =IFERROR(SUM('RTO Log'!K:K),0) -> 0 | G10: =IFERROR(SUM('RTO Log'!L:L)+SUM('RTO Log'!M:M),0) -> 0 | H10: =C10+D10+F10-G10-E10 -> 0 | J10: =IFERROR(IF(I10=0,"—",TEXT(ROUND(H10/I10*100,1),"0.0")&"%"),"—") -> — | K10: =IFERROR(IF(I10=0,"⬜ Set Max Level",IF(H10/I10>1,"✅ Above Target",IF(H10/I10>=0.75,"✅ On Track",IF(H10/I10>=0.5,"🟡 Watch",IF(H10/I10>=0.25,"🔴 Low Stock","🔴 CRITICAL"))))),"—") -> ⬜ Set Max Level | L10: =IFERROR(SUMPRODUCT((MONTH('Daily Dispatch'!$A$7:$A$506)=IF(MONTH(TODAY())=1,12,MONTH(TODAY())-1))*(YEAR('Daily Dispatch'!$A$7:$A$506)=IF(MONTH(TODAY())=1,YEAR(TODAY())-1,YEAR(TODAY())))*ISNUMBER('Daily Dispatch'!$A$7:$A$506)*'Daily Dispatch'!E7:E506),0) -> 0 | M10: =IFERROR(SUMPRODUCT((MONTH('Daily Dispatch'!$A$7:$A$506)=MONTH(TODAY()))*(YEAR('Daily Dispatch'!$A$7:$A$506)=YEAR(TODAY()))*ISNUMBER('Daily Dispatch'!$A$7:$A$506)*'Daily Dispatch'!E7:E506),0) -> 0 | N10: =IFERROR(let(ldate,maxifs('Daily Dispatch'!$A$7:$A$506,'Daily Dispatch'!$A$7:$A$506,">0"),lqty,IFERROR(SUMIF('Daily Dispatch'!$A$7:$A$506,ldate,'Daily Dispatch'!E7:E506),0),datestr,IF(ldate=TODAY(),"Today",IF(ldate=TODAY()-1,"Yesterday",TEXT(ldate,"DD MMM"))),datestr&" — "&lqty&" units"),"No data yet") -> No data yet | O10: =IFERROR(IF(E10=0,"—",TEXT(ROUND((F10+G10)/E10*100,1),"0.0")&"%"),"—") -> — | P10: =IFERROR(IF(E10=0,"—",TEXT(ROUND(G10/E10*100,1),"0.0")&"%"),"—") -> — | Q10: =F10 -> 0 | R10: =IFERROR(IF(I10=0,"Set Max Level",MAX(0,I10-H10)),"—") -> Set Max Level | S10: =IFERROR(IF(I10=0,"—",IF(H10<I10*0.25,"🔴 ORDER NOW",IF(H10<I10*0.5,"⚠️ Plan Reorder","✅ OK"))),"—") -> —
A11: 5 | B11: Bhasam Power Capsule | C11: 0 | D11: =IFERROR(SUM('Stock In'!R:R),0) -> 0 | E11: =IFERROR(SUM('Daily Dispatch'!F:F),0) -> 0 | F11: =IFERROR(SUM('RTO Log'!N:N),0) -> 0 | G11: =IFERROR(SUM('RTO Log'!O:O)+SUM('RTO Log'!P:P),0) -> 0 | H11: =C11+D11+F11-G11-E11 -> 0 | J11: =IFERROR(IF(I11=0,"—",TEXT(ROUND(H11/I11*100,1),"0.0")&"%"),"—") -> — | K11: =IFERROR(IF(I11=0,"⬜ Set Max Level",IF(H11/I11>1,"✅ Above Target",IF(H11/I11>=0.75,"✅ On Track",IF(H11/I11>=0.5,"🟡 Watch",IF(H11/I11>=0.25,"🔴 Low Stock","🔴 CRITICAL"))))),"—") -> ⬜ Set Max Level | L11: =IFERROR(SUMPRODUCT((MONTH('Daily Dispatch'!$A$7:$A$506)=IF(MONTH(TODAY())=1,12,MONTH(TODAY())-1))*(YEAR('Daily Dispatch'!$A$7:$A$506)=IF(MONTH(TODAY())=1,YEAR(TODAY())-1,YEAR(TODAY())))*ISNUMBER('Daily Dispatch'!$A$7:$A$506)*'Daily Dispatch'!F7:F506),0) -> 0 | M11: =IFERROR(SUMPRODUCT((MONTH('Daily Dispatch'!$A$7:$A$506)=MONTH(TODAY()))*(YEAR('Daily Dispatch'!$A$7:$A$506)=YEAR(TODAY()))*ISNUMBER('Daily Dispatch'!$A$7:$A$506)*'Daily Dispatch'!F7:F506),0) -> 0 | N11: =IFERROR(let(ldate,maxifs('Daily Dispatch'!$A$7:$A$506,'Daily Dispatch'!$A$7:$A$506,">0"),lqty,IFERROR(SUMIF('Daily Dispatch'!$A$7:$A$506,ldate,'Daily Dispatch'!F7:F506),0),datestr,IF(ldate=TODAY(),"Today",IF(ldate=TODAY()-1,"Yesterday",TEXT(ldate,"DD MMM"))),datestr&" — "&lqty&" units"),"No data yet") -> No data yet | O11: =IFERROR(IF(E11=0,"—",TEXT(ROUND((F11+G11)/E11*100,1),"0.0")&"%"),"—") -> — | P11: =IFERROR(IF(E11=0,"—",TEXT(ROUND(G11/E11*100,1),"0.0")&"%"),"—") -> — | Q11: =F11 -> 0 | R11: =IFERROR(IF(I11=0,"Set Max Level",MAX(0,I11-H11)),"—") -> Set Max Level | S11: =IFERROR(IF(I11=0,"—",IF(H11<I11*0.25,"🔴 ORDER NOW",IF(H11<I11*0.5,"⚠️ Plan Reorder","✅ OK"))),"—") -> —
A12: 6 | B12: Power Shots Sachet | C12: 0 | D12: =IFERROR(SUM('Stock In'!U:U),0) -> 0 | E12: =IFERROR(SUM('Daily Dispatch'!G:G),0) -> 0 | F12: =IFERROR(SUM('RTO Log'!Q:Q),0) -> 0 | G12: =IFERROR(SUM('RTO Log'!R:R)+SUM('RTO Log'!S:S),0) -> 0 | H12: =C12+D12+F12-G12-E12 -> 0 | J12: =IFERROR(IF(I12=0,"—",TEXT(ROUND(H12/I12*100,1),"0.0")&"%"),"—") -> — | K12: =IFERROR(IF(I12=0,"⬜ Set Max Level",IF(H12/I12>1,"✅ Above Target",IF(H12/I12>=0.75,"✅ On Track",IF(H12/I12>=0.5,"🟡 Watch",IF(H12/I12>=0.25,"🔴 Low Stock","🔴 CRITICAL"))))),"—") -> ⬜ Set Max Level | L12: =IFERROR(SUMPRODUCT((MONTH('Daily Dispatch'!$A$7:$A$506)=IF(MONTH(TODAY())=1,12,MONTH(TODAY())-1))*(YEAR('Daily Dispatch'!$A$7:$A$506)=IF(MONTH(TODAY())=1,YEAR(TODAY())-1,YEAR(TODAY())))*ISNUMBER('Daily Dispatch'!$A$7:$A$506)*'Daily Dispatch'!G7:G506),0) -> 0 | M12: =IFERROR(SUMPRODUCT((MONTH('Daily Dispatch'!$A$7:$A$506)=MONTH(TODAY()))*(YEAR('Daily Dispatch'!$A$7:$A$506)=YEAR(TODAY()))*ISNUMBER('Daily Dispatch'!$A$7:$A$506)*'Daily Dispatch'!G7:G506),0) -> 0 | N12: =IFERROR(let(ldate,maxifs('Daily Dispatch'!$A$7:$A$506,'Daily Dispatch'!$A$7:$A$506,">0"),lqty,IFERROR(SUMIF('Daily Dispatch'!$A$7:$A$506,ldate,'Daily Dispatch'!G7:G506),0),datestr,IF(ldate=TODAY(),"Today",IF(ldate=TODAY()-1,"Yesterday",TEXT(ldate,"DD MMM"))),datestr&" — "&lqty&" units"),"No data yet") -> No data yet | O12: =IFERROR(IF(E12=0,"—",TEXT(ROUND((F12+G12)/E12*100,1),"0.0")&"%"),"—") -> — | P12: =IFERROR(IF(E12=0,"—",TEXT(ROUND(G12/E12*100,1),"0.0")&"%"),"—") -> — | Q12: =F12 -> 0 | R12: =IFERROR(IF(I12=0,"Set Max Level",MAX(0,I12-H12)),"—") -> Set Max Level | S12: =IFERROR(IF(I12=0,"—",IF(H12<I12*0.25,"🔴 ORDER NOW",IF(H12<I12*0.5,"⚠️ Plan Reorder","✅ OK"))),"—") -> —
A13: 7 | B13: Hairfall Control Serum - 50ml | C13: 0 | D13: =IFERROR(SUM('Stock In'!X:X),0) -> 0 | E13: =IFERROR(SUM('Daily Dispatch'!H:H),0) -> 0 | F13: =IFERROR(SUM('RTO Log'!T:T),0) -> 0 | G13: =IFERROR(SUM('RTO Log'!U:U)+SUM('RTO Log'!V:V),0) -> 0 | H13: =C13+D13+F13-G13-E13 -> 0 | J13: =IFERROR(IF(I13=0,"—",TEXT(ROUND(H13/I13*100,1),"0.0")&"%"),"—") -> — | K13: =IFERROR(IF(I13=0,"⬜ Set Max Level",IF(H13/I13>1,"✅ Above Target",IF(H13/I13>=0.75,"✅ On Track",IF(H13/I13>=0.5,"🟡 Watch",IF(H13/I13>=0.25,"🔴 Low Stock","🔴 CRITICAL"))))),"—") -> ⬜ Set Max Level | L13: =IFERROR(SUMPRODUCT((MONTH('Daily Dispatch'!$A$7:$A$506)=IF(MONTH(TODAY())=1,12,MONTH(TODAY())-1))*(YEAR('Daily Dispatch'!$A$7:$A$506)=IF(MONTH(TODAY())=1,YEAR(TODAY())-1,YEAR(TODAY())))*ISNUMBER('Daily Dispatch'!$A$7:$A$506)*'Daily Dispatch'!H7:H506),0) -> 0 | M13: =IFERROR(SUMPRODUCT((MONTH('Daily Dispatch'!$A$7:$A$506)=MONTH(TODAY()))*(YEAR('Daily Dispatch'!$A$7:$A$506)=YEAR(TODAY()))*ISNUMBER('Daily Dispatch'!$A$7:$A$506)*'Daily Dispatch'!H7:H506),0) -> 0 | N13: =IFERROR(let(ldate,maxifs('Daily Dispatch'!$A$7:$A$506,'Daily Dispatch'!$A$7:$A$506,">0"),lqty,IFERROR(SUMIF('Daily Dispatch'!$A$7:$A$506,ldate,'Daily Dispatch'!H7:H506),0),datestr,IF(ldate=TODAY(),"Today",IF(ldate=TODAY()-1,"Yesterday",TEXT(ldate,"DD MMM"))),datestr&" — "&lqty&" units"),"No data yet") -> No data yet | O13: =IFERROR(IF(E13=0,"—",TEXT(ROUND((F13+G13)/E13*100,1),"0.0")&"%"),"—") -> — | P13: =IFERROR(IF(E13=0,"—",TEXT(ROUND(G13/E13*100,1),"0.0")&"%"),"—") -> — | Q13: =F13 -> 0 | R13: =IFERROR(IF(I13=0,"Set Max Level",MAX(0,I13-H13)),"—") -> Set Max Level | S13: =IFERROR(IF(I13=0,"—",IF(H13<I13*0.25,"🔴 ORDER NOW",IF(H13<I13*0.5,"⚠️ Plan Reorder","✅ OK"))),"—") -> —
A14: 8 | B14: Hairfall Control Shampoo - 200ml | C14: 0 | D14: =IFERROR(SUM('Stock In'!AA:AA),0) -> 0 | E14: =IFERROR(SUM('Daily Dispatch'!I:I),0) -> 0 | F14: =IFERROR(SUM('RTO Log'!W:W),0) -> 0 | G14: =IFERROR(SUM('RTO Log'!X:X)+SUM('RTO Log'!Y:Y),0) -> 0 | H14: =C14+D14+F14-G14-E14 -> 0 | J14: =IFERROR(IF(I14=0,"—",TEXT(ROUND(H14/I14*100,1),"0.0")&"%"),"—") -> — | K14: =IFERROR(IF(I14=0,"⬜ Set Max Level",IF(H14/I14>1,"✅ Above Target",IF(H14/I14>=0.75,"✅ On Track",IF(H14/I14>=0.5,"🟡 Watch",IF(H14/I14>=0.25,"🔴 Low Stock","🔴 CRITICAL"))))),"—") -> ⬜ Set Max Level | L14: =IFERROR(SUMPRODUCT((MONTH('Daily Dispatch'!$A$7:$A$506)=IF(MONTH(TODAY())=1,12,MONTH(TODAY())-1))*(YEAR('Daily Dispatch'!$A$7:$A$506)=IF(MONTH(TODAY())=1,YEAR(TODAY())-1,YEAR(TODAY())))*ISNUMBER('Daily Dispatch'!$A$7:$A$506)*'Daily Dispatch'!I7:I506),0) -> 0 | M14: =IFERROR(SUMPRODUCT((MONTH('Daily Dispatch'!$A$7:$A$506)=MONTH(TODAY()))*(YEAR('Daily Dispatch'!$A$7:$A$506)=YEAR(TODAY()))*ISNUMBER('Daily Dispatch'!$A$7:$A$506)*'Daily Dispatch'!I7:I506),0) -> 0 | N14: =IFERROR(let(ldate,maxifs('Daily Dispatch'!$A$7:$A$506,'Daily Dispatch'!$A$7:$A$506,">0"),lqty,IFERROR(SUMIF('Daily Dispatch'!$A$7:$A$506,ldate,'Daily Dispatch'!I7:I506),0),datestr,IF(ldate=TODAY(),"Today",IF(ldate=TODAY()-1,"Yesterday",TEXT(ldate,"DD MMM"))),datestr&" — "&lqty&" units"),"No data yet") -> No data yet | O14: =IFERROR(IF(E14=0,"—",TEXT(ROUND((F14+G14)/E14*100,1),"0.0")&"%"),"—") -> — | P14: =IFERROR(IF(E14=0,"—",TEXT(ROUND(G14/E14*100,1),"0.0")&"%"),"—") -> — | Q14: =F14 -> 0 | R14: =IFERROR(IF(I14=0,"Set Max Level",MAX(0,I14-H14)),"—") -> Set Max Level | S14: =IFERROR(IF(I14=0,"—",IF(H14<I14*0.25,"🔴 ORDER NOW",IF(H14<I14*0.5,"⚠️ Plan Reorder","✅ OK"))),"—") -> —
A15: 9 | B15: Hairfall Control Tablets - 60N | C15: 0 | D15: =IFERROR(SUM('Stock In'!AD:AD),0) -> 0 | E15: =IFERROR(SUM('Daily Dispatch'!J:J),0) -> 0 | F15: =IFERROR(SUM('RTO Log'!Z:Z),0) -> 0 | G15: =IFERROR(SUM('RTO Log'!AA:AA)+SUM('RTO Log'!AB:AB),0) -> 0 | H15: =C15+D15+F15-G15-E15 -> 0 | J15: =IFERROR(IF(I15=0,"—",TEXT(ROUND(H15/I15*100,1),"0.0")&"%"),"—") -> — | K15: =IFERROR(IF(I15=0,"⬜ Set Max Level",IF(H15/I15>1,"✅ Above Target",IF(H15/I15>=0.75,"✅ On Track",IF(H15/I15>=0.5,"🟡 Watch",IF(H15/I15>=0.25,"🔴 Low Stock","🔴 CRITICAL"))))),"—") -> ⬜ Set Max Level | L15: =IFERROR(SUMPRODUCT((MONTH('Daily Dispatch'!$A$7:$A$506)=IF(MONTH(TODAY())=1,12,MONTH(TODAY())-1))*(YEAR('Daily Dispatch'!$A$7:$A$506)=IF(MONTH(TODAY())=1,YEAR(TODAY())-1,YEAR(TODAY())))*ISNUMBER('Daily Dispatch'!$A$7:$A$506)*'Daily Dispatch'!J7:J506),0) -> 0 | M15: =IFERROR(SUMPRODUCT((MONTH('Daily Dispatch'!$A$7:$A$506)=MONTH(TODAY()))*(YEAR('Daily Dispatch'!$A$7:$A$506)=YEAR(TODAY()))*ISNUMBER('Daily Dispatch'!$A$7:$A$506)*'Daily Dispatch'!J7:J506),0) -> 0 | N15: =IFERROR(let(ldate,maxifs('Daily Dispatch'!$A$7:$A$506,'Daily Dispatch'!$A$7:$A$506,">0"),lqty,IFERROR(SUMIF('Daily Dispatch'!$A$7:$A$506,ldate,'Daily Dispatch'!J7:J506),0),datestr,IF(ldate=TODAY(),"Today",IF(ldate=TODAY()-1,"Yesterday",TEXT(ldate,"DD MMM"))),datestr&" — "&lqty&" units"),"No data yet") -> No data yet | O15: =IFERROR(IF(E15=0,"—",TEXT(ROUND((F15+G15)/E15*100,1),"0.0")&"%"),"—") -> — | P15: =IFERROR(IF(E15=0,"—",TEXT(ROUND(G15/E15*100,1),"0.0")&"%"),"—") -> — | Q15: =F15 -> 0 | R15: =IFERROR(IF(I15=0,"Set Max Level",MAX(0,I15-H15)),"—") -> Set Max Level | S15: =IFERROR(IF(I15=0,"—",IF(H15<I15*0.25,"🔴 ORDER NOW",IF(H15<I15*0.5,"⚠️ Plan Reorder","✅ OK"))),"—") -> —
A16: 10 | B16: Anti-Hairfall Kit | C16: 0 | D16: =IFERROR(SUM('Stock In'!AG:AG),0) -> 0 | E16: =IFERROR(SUM('Daily Dispatch'!K:K),0) -> 0 | F16: =IFERROR(SUM('RTO Log'!AC:AC),0) -> 0 | G16: =IFERROR(SUM('RTO Log'!AD:AD)+SUM('RTO Log'!AE:AE),0) -> 0 | H16: =C16+D16+F16-G16-E16 -> 0 | J16: =IFERROR(IF(I16=0,"—",TEXT(ROUND(H16/I16*100,1),"0.0")&"%"),"—") -> — | K16: =IFERROR(IF(I16=0,"⬜ Set Max Level",IF(H16/I16>1,"✅ Above Target",IF(H16/I16>=0.75,"✅ On Track",IF(H16/I16>=0.5,"🟡 Watch",IF(H16/I16>=0.25,"🔴 Low Stock","🔴 CRITICAL"))))),"—") -> ⬜ Set Max Level | L16: =IFERROR(SUMPRODUCT((MONTH('Daily Dispatch'!$A$7:$A$506)=IF(MONTH(TODAY())=1,12,MONTH(TODAY())-1))*(YEAR('Daily Dispatch'!$A$7:$A$506)=IF(MONTH(TODAY())=1,YEAR(TODAY())-1,YEAR(TODAY())))*ISNUMBER('Daily Dispatch'!$A$7:$A$506)*'Daily Dispatch'!K7:K506),0) -> 0 | M16: =IFERROR(SUMPRODUCT((MONTH('Daily Dispatch'!$A$7:$A$506)=MONTH(TODAY()))*(YEAR('Daily Dispatch'!$A$7:$A$506)=YEAR(TODAY()))*ISNUMBER('Daily Dispatch'!$A$7:$A$506)*'Daily Dispatch'!K7:K506),0) -> 0 | N16: =IFERROR(let(ldate,maxifs('Daily Dispatch'!$A$7:$A$506,'Daily Dispatch'!$A$7:$A$506,">0"),lqty,IFERROR(SUMIF('Daily Dispatch'!$A$7:$A$506,ldate,'Daily Dispatch'!K7:K506),0),datestr,IF(ldate=TODAY(),"Today",IF(ldate=TODAY()-1,"Yesterday",TEXT(ldate,"DD MMM"))),datestr&" — "&lqty&" units"),"No data yet") -> No data yet | O16: =IFERROR(IF(E16=0,"—",TEXT(ROUND((F16+G16)/E16*100,1),"0.0")&"%"),"—") -> — | P16: =IFERROR(IF(E16=0,"—",TEXT(ROUND(G16/E16*100,1),"0.0")&"%"),"—") -> — | Q16: =F16 -> 0 | R16: =IFERROR(IF(I16=0,"Set Max Level",MAX(0,I16-H16)),"—") -> Set Max Level | S16: =IFERROR(IF(I16=0,"—",IF(H16<I16*0.25,"🔴 ORDER NOW",IF(H16<I16*0.5,"⚠️ Plan Reorder","✅ OK"))),"—") -> —
A17: 11 | B17: Power Roll Oil Unflavoured | C17: 0 | D17: =IFERROR(SUM('Stock In'!AJ:AJ),0) -> 0 | E17: =IFERROR(SUM('Daily Dispatch'!L:L),0) -> 0 | F17: =IFERROR(SUM('RTO Log'!AF:AF),0) -> 0 | G17: =IFERROR(SUM('RTO Log'!AG:AG)+SUM('RTO Log'!AH:AH),0) -> 0 | H17: =C17+D17+F17-G17-E17 -> 0 | J17: =IFERROR(IF(I17=0,"—",TEXT(ROUND(H17/I17*100,1),"0.0")&"%"),"—") -> — | K17: =IFERROR(IF(I17=0,"⬜ Set Max Level",IF(H17/I17>1,"✅ Above Target",IF(H17/I17>=0.75,"✅ On Track",IF(H17/I17>=0.5,"🟡 Watch",IF(H17/I17>=0.25,"🔴 Low Stock","🔴 CRITICAL"))))),"—") -> ⬜ Set Max Level | L17: =IFERROR(SUMPRODUCT((MONTH('Daily Dispatch'!$A$7:$A$506)=IF(MONTH(TODAY())=1,12,MONTH(TODAY())-1))*(YEAR('Daily Dispatch'!$A$7:$A$506)=IF(MONTH(TODAY())=1,YEAR(TODAY())-1,YEAR(TODAY())))*ISNUMBER('Daily Dispatch'!$A$7:$A$506)*'Daily Dispatch'!L7:L506),0) -> 0 | M17: =IFERROR(SUMPRODUCT((MONTH('Daily Dispatch'!$A$7:$A$506)=MONTH(TODAY()))*(YEAR('Daily Dispatch'!$A$7:$A$506)=YEAR(TODAY()))*ISNUMBER('Daily Dispatch'!$A$7:$A$506)*'Daily Dispatch'!L7:L506),0) -> 0 | N17: =IFERROR(let(ldate,maxifs('Daily Dispatch'!$A$7:$A$506,'Daily Dispatch'!$A$7:$A$506,">0"),lqty,IFERROR(SUMIF('Daily Dispatch'!$A$7:$A$506,ldate,'Daily Dispatch'!L7:L506),0),datestr,IF(ldate=TODAY(),"Today",IF(ldate=TODAY()-1,"Yesterday",TEXT(ldate,"DD MMM"))),datestr&" — "&lqty&" units"),"No data yet") -> No data yet | O17: =IFERROR(IF(E17=0,"—",TEXT(ROUND((F17+G17)/E17*100,1),"0.0")&"%"),"—") -> — | P17: =IFERROR(IF(E17=0,"—",TEXT(ROUND(G17/E17*100,1),"0.0")&"%"),"—") -> — | Q17: =F17 -> 0 | R17: =IFERROR(IF(I17=0,"Set Max Level",MAX(0,I17-H17)),"—") -> Set Max Level | S17: =IFERROR(IF(I17=0,"—",IF(H17<I17*0.25,"🔴 ORDER NOW",IF(H17<I17*0.5,"⚠️ Plan Reorder","✅ OK"))),"—") -> —
A18: 12 | B18: Power Shot Oil | C18: 0 | D18: =IFERROR(SUM('Stock In'!AM:AM),0) -> 0 | E18: =IFERROR(SUM('Daily Dispatch'!M:M),0) -> 0 | F18: =IFERROR(SUM('RTO Log'!AI:AI),0) -> 0 | G18: =IFERROR(SUM('RTO Log'!AJ:AJ)+SUM('RTO Log'!AK:AK),0) -> 0 | H18: =C18+D18+F18-G18-E18 -> 0 | J18: =IFERROR(IF(I18=0,"—",TEXT(ROUND(H18/I18*100,1),"0.0")&"%"),"—") -> — | K18: =IFERROR(IF(I18=0,"⬜ Set Max Level",IF(H18/I18>1,"✅ Above Target",IF(H18/I18>=0.75,"✅ On Track",IF(H18/I18>=0.5,"🟡 Watch",IF(H18/I18>=0.25,"🔴 Low Stock","🔴 CRITICAL"))))),"—") -> ⬜ Set Max Level | L18: =IFERROR(SUMPRODUCT((MONTH('Daily Dispatch'!$A$7:$A$506)=IF(MONTH(TODAY())=1,12,MONTH(TODAY())-1))*(YEAR('Daily Dispatch'!$A$7:$A$506)=IF(MONTH(TODAY())=1,YEAR(TODAY())-1,YEAR(TODAY())))*ISNUMBER('Daily Dispatch'!$A$7:$A$506)*'Daily Dispatch'!M7:M506),0) -> 0 | M18: =IFERROR(SUMPRODUCT((MONTH('Daily Dispatch'!$A$7:$A$506)=MONTH(TODAY()))*(YEAR('Daily Dispatch'!$A$7:$A$506)=YEAR(TODAY()))*ISNUMBER('Daily Dispatch'!$A$7:$A$506)*'Daily Dispatch'!M7:M506),0) -> 0 | N18: =IFERROR(let(ldate,maxifs('Daily Dispatch'!$A$7:$A$506,'Daily Dispatch'!$A$7:$A$506,">0"),lqty,IFERROR(SUMIF('Daily Dispatch'!$A$7:$A$506,ldate,'Daily Dispatch'!M7:M506),0),datestr,IF(ldate=TODAY(),"Today",IF(ldate=TODAY()-1,"Yesterday",TEXT(ldate,"DD MMM"))),datestr&" — "&lqty&" units"),"No data yet") -> No data yet | O18: =IFERROR(IF(E18=0,"—",TEXT(ROUND((F18+G18)/E18*100,1),"0.0")&"%"),"—") -> — | P18: =IFERROR(IF(E18=0,"—",TEXT(ROUND(G18/E18*100,1),"0.0")&"%"),"—") -> — | Q18: =F18 -> 0 | R18: =IFERROR(IF(I18=0,"Set Max Level",MAX(0,I18-H18)),"—") -> Set Max Level | S18: =IFERROR(IF(I18=0,"—",IF(H18<I18*0.25,"🔴 ORDER NOW",IF(H18<I18*0.5,"⚠️ Plan Reorder","✅ OK"))),"—") -> —
A21: 📝 Col C (Opening Stock) — sheet setup ke din ek baar manually bharo, phir kabhi nahi. Col I (Max Level) — aap set karo, kabhi bhi update kar sakte ho. Baaki sab auto-calculate.
A23: © 2026 MeDa Partners Pvt Ltd · Systems by MeDa Partners · Brand: Wayveda® · www.meda.partners · Dream. Deliver. Dominate.

Sheet Dispatch Analysis
A1: ✦ MeDa Partners | Dream · Deliver · Dominate Wayveda — Dispatch Analysis | Warehouse Ops
A3: ⚠ Systems by MeDa Partners Pvt Ltd (www.meda.partners) | Brand: Wayveda® | Confidential & Proprietary
A4: Daily Summary | F4: Weekly Summary | J4: Monthly Summary
A6: Date / Period | B6: Bum Plumping Cre | C6: Intimate Whiteni | D6: Chocolate Power | E6: Strawberry Power | F6: Bhasam Power Cap | G6: Power Shots Sach | H6: Hairfall Control | I6: Hairfall Control | J6: Hairfall Control | K6: Anti-Hairfall Ki | L6: Power Roll Oil U | M6: Power Shot Oil | N6: TOTAL
A7: ▼ DAILY — Col A mein date daalo, quantities auto-populate hongi
B8: =IF(A8="","",IFERROR(SUMIF('Daily Dispatch'!$A:$A,A8,'Daily Dispatch'!B:B),0)) | C8: =IF(A8="","",IFERROR(SUMIF('Daily Dispatch'!$A:$A,A8,'Daily Dispatch'!C:C),0)) | D8: =IF(A8="","",IFERROR(SUMIF('Daily Dispatch'!$A:$A,A8,'Daily Dispatch'!D:D),0)) | E8: =IF(A8="","",IFERROR(SUMIF('Daily Dispatch'!$A:$A,A8,'Daily Dispatch'!E:E),0)) | F8: =IF(A8="","",IFERROR(SUMIF('Daily Dispatch'!$A:$A,A8,'Daily Dispatch'!F:F),0)) | G8: =IF(A8="","",IFERROR(SUMIF('Daily Dispatch'!$A:$A,A8,'Daily Dispatch'!G:G),0)) | H8: =IF(A8="","",IFERROR(SUMIF('Daily Dispatch'!$A:$A,A8,'Daily Dispatch'!H:H),0)) | I8: =IF(A8="","",IFERROR(SUMIF('Daily Dispatch'!$A:$A,A8,'Daily Dispatch'!I:I),0)) | J8: =IF(A8="","",IFERROR(SUMIF('Daily Dispatch'!$A:$A,A8,'Daily Dispatch'!J:J),0)) | K8: =IF(A8="","",IFERROR(SUMIF('Daily Dispatch'!$A:$A,A8,'Daily Dispatch'!K:K),0)) | L8: =IF(A8="","",IFERROR(SUMIF('Daily Dispatch'!$A:$A,A8,'Daily Dispatch'!L:L),0)) | M8: =IF(A8="","",IFERROR(SUMIF('Daily Dispatch'!$A:$A,A8,'Daily Dispatch'!M:M),0)) | N8: =IF(A8="","",SUM(B8:M8))
B9: =IF(A9="","",IFERROR(SUMIF('Daily Dispatch'!$A:$A,A9,'Daily Dispatch'!B:B),0)) | C9: =IF(A9="","",IFERROR(SUMIF('Daily Dispatch'!$A:$A,A9,'Daily Dispatch'!C:C),0)) | D9: =IF(A9="","",IFERROR(SUMIF('Daily Dispatch'!$A:$A,A9,'Daily Dispatch'!D:D),0)) | E9: =IF(A9="","",IFERROR(SUMIF('Daily Dispatch'!$A:$A,A9,'Daily Dispatch'!E:E),0)) | F9: =IF(A9="","",IFERROR(SUMIF('Daily Dispatch'!$A:$A,A9,'Daily Dispatch'!F:F),0)) | G9: =IF(A9="","",IFERROR(SUMIF('Daily Dispatch'!$A:$A,A9,'Daily Dispatch'!G:G),0)) | H9: =IF(A9="","",IFERROR(SUMIF('Daily Dispatch'!$A:$A,A9,'Daily Dispatch'!H:H),0)) | I9: =IF(A9="","",IFERROR(SUMIF('Daily Dispatch'!$A:$A,A9,'Daily Dispatch'!I:I),0)) | J9: =IF(A9="","",IFERROR(SUMIF('Daily Dispatch'!$A:$A,A9,'Daily Dispatch'!J:J),0)) | K9: =IF(A9="","",IFERROR(SUMIF('Daily Dispatch'!$A:$A,A9,'Daily Dispatch'!K:K),0)) | L9: =IF(A9="","",IFERROR(SUMIF('Daily Dispatch'!$A:$A,A9,'Daily Dispatch'!L:L),0)) | M9: =IF(A9="","",IFERROR(SUMIF('Daily Dispatch'!$A:$A,A9,'Daily Dispatch'!M:M),0)) | N9: =IF(A9="","",SUM(B9:M9))
B10: =IF(A10="","",IFERROR(SUMIF('Daily Dispatch'!$A:$A,A10,'Daily Dispatch'!B:B),0)) | C10: =IF(A10="","",IFERROR(SUMIF('Daily Dispatch'!$A:$A,A10,'Daily Dispatch'!C:C),0)) | D10: =IF(A10="","",IFERROR(SUMIF('Daily Dispatch'!$A:$A,A10,'Daily Dispatch'!D:D),0)) | E10: =IF(A10="","",IFERROR(SUMIF('Daily Dispatch'!$A:$A,A10,'Daily Dispatch'!E:E),0)) | F10: =IF(A10="","",IFERROR(SUMIF('Daily Dispatch'!$A:$A,A10,'Daily Dispatch'!F:F),0)) | G10: =IF(A10="","",IFERROR(SUMIF('Daily Dispatch'!$A:$A,A10,'Daily Dispatch'!G:G),0)) | H10: =IF(A10="","",IFERROR(SUMIF('Daily Dispatch'!$A:$A,A10,'Daily Dispatch'!H:H),0)) | I10: =IF(A10="","",IFERROR(SUMIF('Daily Dispatch'!$A:$A,A10,'Daily Dispatch'!I:I),0)) | J10: =IF(A10="","",IFERROR(SUMIF('Daily Dispatch'!$A:$A,A10,'Daily Dispatch'!J:J),0)) | K10: =IF(A10="","",IFERROR(SUMIF('Daily Dispatch'!$A:$A,A10,'Daily Dispatch'!K:K),0)) | L10: =IF(A10="","",IFERROR(SUMIF('Daily Dispatch'!$A:$A,A10,'Daily Dispatch'!L:L),0)) | M10: =IF(A10="","",IFERROR(SUMIF('Daily Dispatch'!$A:$A,A10,'Daily Dispatch'!M:M),0)) | N10: =IF(A10="","",SUM(B10:M10))
B11: =IF(A11="","",IFERROR(SUMIF('Daily Dispatch'!$A:$A,A11,'Daily Dispatch'!B:B),0)) | C11: =IF(A11="","",IFERROR(SUMIF('Daily Dispatch'!$A:$A,A11,'Daily Dispatch'!C:C),0)) | D11: =IF(A11="","",IFERROR(SUMIF('Daily Dispatch'!$A:$A,A11,'Daily Dispatch'!D:D),0)) | E11: =IF(A11="","",IFERROR(SUMIF('Daily Dispatch'!$A:$A,A11,'Daily Dispatch'!E:E),0)) | F11: =IF(A11="","",IFERROR(SUMIF('Daily Dispatch'!$A:$A,A11,'Daily Dispatch'!F:F),0)) | G11: =IF(A11="","",IFERROR(SUMIF('Daily Dispatch'!$A:$A,A11,'Daily Dispatch'!G:G),0)) | H11: =IF(A11="","",IFERROR(SUMIF('Daily Dispatch'!$A:$A,A11,'Daily Dispatch'!H:H),0)) | I11: =IF(A11="","",IFERROR(SUMIF('Daily Dispatch'!$A:$A,A11,'Daily Dispatch'!I:I),0)) | J11: =IF(A11="","",IFERROR(SUMIF('Daily Dispatch'!$A:$A,A11,'Daily Dispatch'!J:J),0)) | K11: =IF(A11="","",IFERROR(SUMIF('Daily Dispatch'!$A:$A,A11,'Daily Dispatch'!K:K),0)) | L11: =IF(A11="","",IFERROR(SUMIF('Daily Dispatch'!$A:$A,A11,'Daily Dispatch'!L:L),0)) | M11: =IF(A11="","",IFERROR(SUMIF('Daily Dispatch'!$A:$A,A11,'Daily Dispatch'!M:M),0)) | N11: =IF(A11="","",SUM(B11:M11))
B12: =IF(A12="","",IFERROR(SUMIF('Daily Dispatch'!$A:$A,A12,'Daily Dispatch'!B:B),0)) | C12: =IF(A12="","",IFERROR(SUMIF('Daily Dispatch'!$A:$A,A12,'Daily Dispatch'!C:C),0)) | D12: =IF(A12="","",IFERROR(SUMIF('Daily Dispatch'!$A:$A,A12,'Daily Dispatch'!D:D),0)) | E12: =IF(A12="","",IFERROR(SUMIF('Daily Dispatch'!$A:$A,A12,'Daily Dispatch'!E:E),0)) | F12: =IF(A12="","",IFERROR(SUMIF('Daily Dispatch'!$A:$A,A12,'Daily Dispatch'!F:F),0)) | G12: =IF(A12="","",IFERROR(SUMIF('Daily Dispatch'!$A:$A,A12,'Daily Dispatch'!G:G),0)) | H12: =IF(A12="","",IFERROR(SUMIF('Daily Dispatch'!$A:$A,A12,'Daily Dispatch'!H:H),0)) | I12: =IF(A12="","",IFERROR(SUMIF('Daily Dispatch'!$A:$A,A12,'Daily Dispatch'!I:I),0)) | J12: =IF(A12="","",IFERROR(SUMIF('Daily Dispatch'!$A:$A,A12,'Daily Dispatch'!J:J),0)) | K12: =IF(A12="","",IFERROR(SUMIF('Daily Dispatch'!$A:$A,A12,'Daily Dispatch'!K:K),0)) | L12: =IF(A12="","",IFERROR(SUMIF('Daily Dispatch'!$A:$A,A12,'Daily Dispatch'!L:L),0)) | M12: =IF(A12="","",IFERROR(SUMIF('Daily Dispatch'!$A:$A,A12,'Daily Dispatch'!M:M),0)) | N12: =IF(A12="","",SUM(B12:M12))
B13: =IF(A13="","",IFERROR(SUMIF('Daily Dispatch'!$A:$A,A13,'Daily Dispatch'!B:B),0)) | C13: =IF(A13="","",IFERROR(SUMIF('Daily Dispatch'!$A:$A,A13,'Daily Dispatch'!C:C),0)) | D13: =IF(A13="","",IFERROR(SUMIF('Daily Dispatch'!$A:$A,A13,'Daily Dispatch'!D:D),0)) | E13: =IF(A13="","",IFERROR(SUMIF('Daily Dispatch'!$A:$A,A13,'Daily Dispatch'!E:E),0)) | F13: =IF(A13="","",IFERROR(SUMIF('Daily Dispatch'!$A:$A,A13,'Daily Dispatch'!F:F),0)) | G13: =IF(A13="","",IFERROR(SUMIF('Daily Dispatch'!$A:$A,A13,'Daily Dispatch'!G:G),0)) | H13: =IF(A13="","",IFERROR(SUMIF('Daily Dispatch'!$A:$A,A13,'Daily Dispatch'!H:H),0)) | I13: =IF(A13="","",IFERROR(SUMIF('Daily Dispatch'!$A:$A,A13,'Daily Dispatch'!I:I),0)) | J13: =IF(A13="","",IFERROR(SUMIF('Daily Dispatch'!$A:$A,A13,'Daily Dispatch'!J:J),0)) | K13: =IF(A13="","",IFERROR(SUMIF('Daily Dispatch'!$A:$A,A13,'Daily Dispatch'!K:K),0)) | L13: =IF(A13="","",IFERROR(SUMIF('Daily Dispatch'!$A:$A,A13,'Daily Dispatch'!L:L),0)) | M13: =IF(A13="","",IFERROR(SUMIF('Daily Dispatch'!$A:$A,A13,'Daily Dispatch'!M:M),0)) | N13: =IF(A13="","",SUM(B13:M13))
B14: =IF(A14="","",IFERROR(SUMIF('Daily Dispatch'!$A:$A,A14,'Daily Dispatch'!B:B),0)) | C14: =IF(A14="","",IFERROR(SUMIF('Daily Dispatch'!$A:$A,A14,'Daily Dispatch'!C:C),0)) | D14: =IF(A14="","",IFERROR(SUMIF('Daily Dispatch'!$A:$A,A14,'Daily Dispatch'!D:D),0)) | E14: =IF(A14="","",IFERROR(SUMIF('Daily Dispatch'!$A:$A,A14,'Daily Dispatch'!E:E),0)) | F14: =IF(A14="","",IFERROR(SUMIF('Daily Dispatch'!$A:$A,A14,'Daily Dispatch'!F:F),0)) | G14: =IF(A14="","",IFERROR(SUMIF('Daily Dispatch'!$A:$A,A14,'Daily Dispatch'!G:G),0)) | H14: =IF(A14="","",IFERROR(SUMIF('Daily Dispatch'!$A:$A,A14,'Daily Dispatch'!H:H),0)) | I14: =IF(A14="","",IFERROR(SUMIF('Daily Dispatch'!$A:$A,A14,'Daily Dispatch'!I:I),0)) | J14: =IF(A14="","",IFERROR(SUMIF('Daily Dispatch'!$A:$A,A14,'Daily Dispatch'!J:J),0)) | K14: =IF(A14="","",IFERROR(SUMIF('Daily Dispatch'!$A:$A,A14,'Daily Dispatch'!K:K),0)) | L14: =IF(A14="","",IFERROR(SUMIF('Daily Dispatch'!$A:$A,A14,'Daily Dispatch'!L:L),0)) | M14: =IF(A14="","",IFERROR(SUMIF('Daily Dispatch'!$A:$A,A14,'Daily Dispatch'!M:M),0)) | N14: =IF(A14="","",SUM(B14:M14))
B15: =IF(A15="","",IFERROR(SUMIF('Daily Dispatch'!$A:$A,A15,'Daily Dispatch'!B:B),0)) | C15: =IF(A15="","",IFERROR(SUMIF('Daily Dispatch'!$A:$A,A15,'Daily Dispatch'!C:C),0)) | D15: =IF(A15="","",IFERROR(SUMIF('Daily Dispatch'!$A:$A,A15,'Daily Dispatch'!D:D),0)) | E15: =IF(A15="","",IFERROR(SUMIF('Daily Dispatch'!$A:$A,A15,'Daily Dispatch'!E:E),0)) | F15: =IF(A15="","",IFERROR(SUMIF('Daily Dispatch'!$A:$A,A15,'Daily Dispatch'!F:F),0)) | G15: =IF(A15="","",IFERROR(SUMIF('Daily Dispatch'!$A:$A,A15,'Daily Dispatch'!G:G),0)) | H15: =IF(A15="","",IFERROR(SUMIF('Daily Dispatch'!$A:$A,A15,'Daily Dispatch'!H:H),0)) | I15: =IF(A15="","",IFERROR(SUMIF('Daily Dispatch'!$A:$A,A15,'Daily Dispatch'!I:I),0)) | J15: =IF(A15="","",IFERROR(SUMIF('Daily Dispatch'!$A:$A,A15,'Daily Dispatch'!J:J),0)) | K15: =IF(A15="","",IFERROR(SUMIF('Daily Dispatch'!$A:$A,A15,'Daily Dispatch'!K:K),0)) | L15: =IF(A15="","",IFERROR(SUMIF('Daily Dispatch'!$A:$A,A15,'Daily Dispatch'!L:L),0)) | M15: =IF(A15="","",IFERROR(SUMIF('Daily Dispatch'!$A:$A,A15,'Daily Dispatch'!M:M),0)) | N15: =IF(A15="","",SUM(B15:M15))
B16: =IF(A16="","",IFERROR(SUMIF('Daily Dispatch'!$A:$A,A16,'Daily Dispatch'!B:B),0)) | C16: =IF(A16="","",IFERROR(SUMIF('Daily Dispatch'!$A:$A,A16,'Daily Dispatch'!C:C),0)) | D16: =IF(A16="","",IFERROR(SUMIF('Daily Dispatch'!$A:$A,A16,'Daily Dispatch'!D:D),0)) | E16: =IF(A16="","",IFERROR(SUMIF('Daily Dispatch'!$A:$A,A16,'Daily Dispatch'!E:E),0)) | F16: =IF(A16="","",IFERROR(SUMIF('Daily Dispatch'!$A:$A,A16,'Daily Dispatch'!F:F),0)) | G16: =IF(A16="","",IFERROR(SUMIF('Daily Dispatch'!$A:$A,A16,'Daily Dispatch'!G:G),0)) | H16: =IF(A16="","",IFERROR(SUMIF('Daily Dispatch'!$A:$A,A16,'Daily Dispatch'!H:H),0)) | I16: =IF(A16="","",IFERROR(SUMIF('Daily Dispatch'!$A:$A,A16,'Daily Dispatch'!I:I),0)) | J16: =IF(A16="","",IFERROR(SUMIF('Daily Dispatch'!$A:$A,A16,'Daily Dispatch'!J:J),0)) | K16: =IF(A16="","",IFERROR(SUMIF('Daily Dispatch'!$A:$A,A16,'Daily Dispatch'!K:K),0)) | L16: =IF(A16="","",IFERROR(SUMIF('Daily Dispatch'!$A:$A,A16,'Daily Dispatch'!L:L),0)) | M16: =IF(A16="","",IFERROR(SUMIF('Daily Dispatch'!$A:$A,A16,'Daily Dispatch'!M:M),0)) | N16: =IF(A16="","",SUM(B16:M16))
B17: =IF(A17="","",IFERROR(SUMIF('Daily Dispatch'!$A:$A,A17,'Daily Dispatch'!B:B),0)) | C17: =IF(A17="","",IFERROR(SUMIF('Daily Dispatch'!$A:$A,A17,'Daily Dispatch'!C:C),0)) | D17: =IF(A17="","",IFERROR(SUMIF('Daily Dispatch'!$A:$A,A17,'Daily Dispatch'!D:D),0)) | E17: =IF(A17="","",IFERROR(SUMIF('Daily Dispatch'!$A:$A,A17,'Daily Dispatch'!E:E),0)) | F17: =IF(A17="","",IFERROR(SUMIF('Daily Dispatch'!$A:$A,A17,'Daily Dispatch'!F:F),0)) | G17: =IF(A17="","",IFERROR(SUMIF('Daily Dispatch'!$A:$A,A17,'Daily Dispatch'!G:G),0)) | H17: =IF(A17="","",IFERROR(SUMIF('Daily Dispatch'!$A:$A,A17,'Daily Dispatch'!H:H),0)) | I17: =IF(A17="","",IFERROR(SUMIF('Daily Dispatch'!$A:$A,A17,'Daily Dispatch'!I:I),0)) | J17: =IF(A17="","",IFERROR(SUMIF('Daily Dispatch'!$A:$A,A17,'Daily Dispatch'!J:J),0)) | K17: =IF(A17="","",IFERROR(SUMIF('Daily Dispatch'!$A:$A,A17,'Daily Dispatch'!K:K),0)) | L17: =IF(A17="","",IFERROR(SUMIF('Daily Dispatch'!$A:$A,A17,'Daily Dispatch'!L:L),0)) | M17: =IF(A17="","",IFERROR(SUMIF('Daily Dispatch'!$A:$A,A17,'Daily Dispatch'!M:M),0)) | N17: =IF(A17="","",SUM(B17:M17))
B18: =IF(A18="","",IFERROR(SUMIF('Daily Dispatch'!$A:$A,A18,'Daily Dispatch'!B:B),0)) | C18: =IF(A18="","",IFERROR(SUMIF('Daily Dispatch'!$A:$A,A18,'Daily Dispatch'!C:C),0)) | D18: =IF(A18="","",IFERROR(SUMIF('Daily Dispatch'!$A:$A,A18,'Daily Dispatch'!D:D),0)) | E18: =IF(A18="","",IFERROR(SUMIF('Daily Dispatch'!$A:$A,A18,'Daily Dispatch'!E:E),0)) | F18: =IF(A18="","",IFERROR(SUMIF('Daily Dispatch'!$A:$A,A18,'Daily Dispatch'!F:F),0)) | G18: =IF(A18="","",IFERROR(SUMIF('Daily Dispatch'!$A:$A,A18,'Daily Dispatch'!G:G),0)) | H18: =IF(A18="","",IFERROR(SUMIF('Daily Dispatch'!$A:$A,A18,'Daily Dispatch'!H:H),0)) | I18: =IF(A18="","",IFERROR(SUMIF('Daily Dispatch'!$A:$A,A18,'Daily Dispatch'!I:I),0)) | J18: =IF(A18="","",IFERROR(SUMIF('Daily Dispatch'!$A:$A,A18,'Daily Dispatch'!J:J),0)) | K18: =IF(A18="","",IFERROR(SUMIF('Daily Dispatch'!$A:$A,A18,'Daily Dispatch'!K:K),0)) | L18: =IF(A18="","",IFERROR(SUMIF('Daily Dispatch'!$A:$A,A18,'Daily Dispatch'!L:L),0)) | M18: =IF(A18="","",IFERROR(SUMIF('Daily Dispatch'!$A:$A,A18,'Daily Dispatch'!M:M),0)) | N18: =IF(A18="","",SUM(B18:M18))
B19: =IF(A19="","",IFERROR(SUMIF('Daily Dispatch'!$A:$A,A19,'Daily Dispatch'!B:B),0)) | C19: =IF(A19="","",IFERROR(SUMIF('Daily Dispatch'!$A:$A,A19,'Daily Dispatch'!C:C),0)) | D19: =IF(A19="","",IFERROR(SUMIF('Daily Dispatch'!$A:$A,A19,'Daily Dispatch'!D:D),0)) | E19: =IF(A19="","",IFERROR(SUMIF('Daily Dispatch'!$A:$A,A19,'Daily Dispatch'!E:E),0)) | F19: =IF(A19="","",IFERROR(SUMIF('Daily Dispatch'!$A:$A,A19,'Daily Dispatch'!F:F),0)) | G19: =IF(A19="","",IFERROR(SUMIF('Daily Dispatch'!$A:$A,A19,'Daily Dispatch'!G:G),0)) | H19: =IF(A19="","",IFERROR(SUMIF('Daily Dispatch'!$A:$A,A19,'Daily Dispatch'!H:H),0)) | I19: =IF(A19="","",IFERROR(SUMIF('Daily Dispatch'!$A:$A,A19,'Daily Dispatch'!I:I),0)) | J19: =IF(A19="","",IFERROR(SUMIF('Daily Dispatch'!$A:$A,A19,'Daily Dispatch'!J:J),0)) | K19: =IF(A19="","",IFERROR(SUMIF('Daily Dispatch'!$A:$A,A19,'Daily Dispatch'!K:K),0)) | L19: =IF(A19="","",IFERROR(SUMIF('Daily Dispatch'!$A:$A,A19,'Daily Dispatch'!L:L),0)) | M19: =IF(A19="","",IFERROR(SUMIF('Daily Dispatch'!$A:$A,A19,'Daily Dispatch'!M:M),0)) | N19: =IF(A19="","",SUM(B19:M19))
... B67: =IF(A67="","",IFERROR(SUMIF('Daily Dispatch'!$A:$A,A67,'Daily Dispatch'!B:B),0)) | C67: =IF(A67="","",IFERROR(SUMIF('Daily Dispatch'!$A:$A,A67,'Daily Dispatch'!C:C),0)) | D67: =IF(A67="","",IFERROR(SUMIF('Daily Dispatch'!$A:$A,A67,'Daily Dispatch'!D:D),0)) | E67: =IF(A67="","",IFERROR(SUMIF('Daily Dispatch'!$A:$A,A67,'Daily Dispatch'!E:E),0)) | F67: =IF(A67="","",IFERROR(SUMIF('Daily Dispatch'!$A:$A,A67,'Daily Dispatch'!F:F),0)) | G67: =IF(A67="","",IFERROR(SUMIF('Daily Dispatch'!$A:$A,A67,'Daily Dispatch'!G:G),0)) | H67: =IF(A67="","",IFERROR(SUMIF('Daily Dispatch'!$A:$A,A67,'Daily Dispatch'!H:H),0)) | I67: =IF(A67="","",IFERROR(SUMIF('Daily Dispatch'!$A:$A,A67,'Daily Dispatch'!I:I),0)) | J67: =IF(A67="","",IFERROR(SUMIF('Daily Dispatch'!$A:$A,A67,'Daily Dispatch'!J:J),0)) | K67: =IF(A67="","",IFERROR(SUMIF('Daily Dispatch'!$A:$A,A67,'Daily Dispatch'!K:K),0)) | L67: =IF(A67="","",IFERROR(SUMIF('Daily Dispatch'!$A:$A,A67,'Daily Dispatch'!L:L),0)) | M67: =IF(A67="","",IFERROR(SUMIF('Daily Dispatch'!$A:$A,A67,'Daily Dispatch'!M:M),0)) | N67: =IF(A67="","",SUM(B67:M67))
A70: ▼ WEEKLY — Col A mein 'Week X — DD MMM to DD MMM' format mein likho
N71: =IF(A71="","",SUM(B71:M71))
N72: =IF(A72="","",SUM(B72:M72))
N73: =IF(A73="","",SUM(B73:M73))
N74: =IF(A74="","",SUM(B74:M74))
N75: =IF(A75="","",SUM(B75:M75))
N76: =IF(A76="","",SUM(B76:M76))
N77: =IF(A77="","",SUM(B77:M77))
N78: =IF(A78="","",SUM(B78:M78))
N79: =IF(A79="","",SUM(B79:M79))
N80: =IF(A80="","",SUM(B80:M80))
N81: =IF(A81="","",SUM(B81:M81))
N82: =IF(A82="","",SUM(B82:M82))
... N96: =IF(A96="","",SUM(B96:M96))
A99: ▼ MONTHLY — Auto-calculates via SUMPRODUCT (month+year match)
A100: Apr 2025 | B100: =IFERROR(SUMPRODUCT((TEXT('Daily Dispatch'!$A$7:$A$506,"MMM YYYY")=A100)*ISNUMBER('Daily Dispatch'!$A$7:$A$506)*'Daily Dispatch'!B7:B506),0) -> 0 | C100: =IFERROR(SUMPRODUCT((TEXT('Daily Dispatch'!$A$7:$A$506,"MMM YYYY")=A100)*ISNUMBER('Daily Dispatch'!$A$7:$A$506)*'Daily Dispatch'!C7:C506),0) -> 0 | D100: =IFERROR(SUMPRODUCT((TEXT('Daily Dispatch'!$A$7:$A$506,"MMM YYYY")=A100)*ISNUMBER('Daily Dispatch'!$A$7:$A$506)*'Daily Dispatch'!D7:D506),0) -> 0 | E100: =IFERROR(SUMPRODUCT((TEXT('Daily Dispatch'!$A$7:$A$506,"MMM YYYY")=A100)*ISNUMBER('Daily Dispatch'!$A$7:$A$506)*'Daily Dispatch'!E7:E506),0) -> 0 | F100: =IFERROR(SUMPRODUCT((TEXT('Daily Dispatch'!$A$7:$A$506,"MMM YYYY")=A100)*ISNUMBER('Daily Dispatch'!$A$7:$A$506)*'Daily Dispatch'!F7:F506),0) -> 0 | G100: =IFERROR(SUMPRODUCT((TEXT('Daily Dispatch'!$A$7:$A$506,"MMM YYYY")=A100)*ISNUMBER('Daily Dispatch'!$A$7:$A$506)*'Daily Dispatch'!G7:G506),0) -> 0 | H100: =IFERROR(SUMPRODUCT((TEXT('Daily Dispatch'!$A$7:$A$506,"MMM YYYY")=A100)*ISNUMBER('Daily Dispatch'!$A$7:$A$506)*'Daily Dispatch'!H7:H506),0) -> 0 | I100: =IFERROR(SUMPRODUCT((TEXT('Daily Dispatch'!$A$7:$A$506,"MMM YYYY")=A100)*ISNUMBER('Daily Dispatch'!$A$7:$A$506)*'Daily Dispatch'!I7:I506),0) -> 0 | J100: =IFERROR(SUMPRODUCT((TEXT('Daily Dispatch'!$A$7:$A$506,"MMM YYYY")=A100)*ISNUMBER('Daily Dispatch'!$A$7:$A$506)*'Daily Dispatch'!J7:J506),0) -> 0 | K100: =IFERROR(SUMPRODUCT((TEXT('Daily Dispatch'!$A$7:$A$506,"MMM YYYY")=A100)*ISNUMBER('Daily Dispatch'!$A$7:$A$506)*'Daily Dispatch'!K7:K506),0) -> 0 | L100: =IFERROR(SUMPRODUCT((TEXT('Daily Dispatch'!$A$7:$A$506,"MMM YYYY")=A100)*ISNUMBER('Daily Dispatch'!$A$7:$A$506)*'Daily Dispatch'!L7:L506),0) -> 0 | M100: =IFERROR(SUMPRODUCT((TEXT('Daily Dispatch'!$A$7:$A$506,"MMM YYYY")=A100)*ISNUMBER('Daily Dispatch'!$A$7:$A$506)*'Daily Dispatch'!M7:M506),0) -> 0 | N100: =SUM(B100:M100) -> 0
A101: May 2025 | B101: =IFERROR(SUMPRODUCT((TEXT('Daily Dispatch'!$A$7:$A$506,"MMM YYYY")=A101)*ISNUMBER('Daily Dispatch'!$A$7:$A$506)*'Daily Dispatch'!B7:B506),0) -> 0 | C101: =IFERROR(SUMPRODUCT((TEXT('Daily Dispatch'!$A$7:$A$506,"MMM YYYY")=A101)*ISNUMBER('Daily Dispatch'!$A$7:$A$506)*'Daily Dispatch'!C7:C506),0) -> 0 | D101: =IFERROR(SUMPRODUCT((TEXT('Daily Dispatch'!$A$7:$A$506,"MMM YYYY")=A101)*ISNUMBER('Daily Dispatch'!$A$7:$A$506)*'Daily Dispatch'!D7:D506),0) -> 0 | E101: =IFERROR(SUMPRODUCT((TEXT('Daily Dispatch'!$A$7:$A$506,"MMM YYYY")=A101)*ISNUMBER('Daily Dispatch'!$A$7:$A$506)*'Daily Dispatch'!E7:E506),0) -> 0 | F101: =IFERROR(SUMPRODUCT((TEXT('Daily Dispatch'!$A$7:$A$506,"MMM YYYY")=A101)*ISNUMBER('Daily Dispatch'!$A$7:$A$506)*'Daily Dispatch'!F7:F506),0) -> 0 | G101: =IFERROR(SUMPRODUCT((TEXT('Daily Dispatch'!$A$7:$A$506,"MMM YYYY")=A101)*ISNUMBER('Daily Dispatch'!$A$7:$A$506)*'Daily Dispatch'!G7:G506),0) -> 0 | H101: =IFERROR(SUMPRODUCT((TEXT('Daily Dispatch'!$A$7:$A$506,"MMM YYYY")=A101)*ISNUMBER('Daily Dispatch'!$A$7:$A$506)*'Daily Dispatch'!H7:H506),0) -> 0 | I101: =IFERROR(SUMPRODUCT((TEXT('Daily Dispatch'!$A$7:$A$506,"MMM YYYY")=A101)*ISNUMBER('Daily Dispatch'!$A$7:$A$506)*'Daily Dispatch'!I7:I506),0) -> 0 | J101: =IFERROR(SUMPRODUCT((TEXT('Daily Dispatch'!$A$7:$A$506,"MMM YYYY")=A101)*ISNUMBER('Daily Dispatch'!$A$7:$A$506)*'Daily Dispatch'!J7:J506),0) -> 0 | K101: =IFERROR(SUMPRODUCT((TEXT('Daily Dispatch'!$A$7:$A$506,"MMM YYYY")=A101)*ISNUMBER('Daily Dispatch'!$A$7:$A$506)*'Daily Dispatch'!K7:K506),0) -> 0 | L101: =IFERROR(SUMPRODUCT((TEXT('Daily Dispatch'!$A$7:$A$506,"MMM YYYY")=A101)*ISNUMBER('Daily Dispatch'!$A$7:$A$506)*'Daily Dispatch'!L7:L506),0) -> 0 | M101: =IFERROR(SUMPRODUCT((TEXT('Daily Dispatch'!$A$7:$A$506,"MMM YYYY")=A101)*ISNUMBER('Daily Dispatch'!$A$7:$A$506)*'Daily Dispatch'!M7:M506),0) -> 0 | N101: =SUM(B101:M101) -> 0
A102: Jun 2025 | B102: =IFERROR(SUMPRODUCT((TEXT('Daily Dispatch'!$A$7:$A$506,"MMM YYYY")=A102)*ISNUMBER('Daily Dispatch'!$A$7:$A$506)*'Daily Dispatch'!B7:B506),0) -> 0 | C102: =IFERROR(SUMPRODUCT((TEXT('Daily Dispatch'!$A$7:$A$506,"MMM YYYY")=A102)*ISNUMBER('Daily Dispatch'!$A$7:$A$506)*'Daily Dispatch'!C7:C506),0) -> 0 | D102: =IFERROR(SUMPRODUCT((TEXT('Daily Dispatch'!$A$7:$A$506,"MMM YYYY")=A102)*ISNUMBER('Daily Dispatch'!$A$7:$A$506)*'Daily Dispatch'!D7:D506),0) -> 0 | E102: =IFERROR(SUMPRODUCT((TEXT('Daily Dispatch'!$A$7:$A$506,"MMM YYYY")=A102)*ISNUMBER('Daily Dispatch'!$A$7:$A$506)*'Daily Dispatch'!E7:E506),0) -> 0 | F102: =IFERROR(SUMPRODUCT((TEXT('Daily Dispatch'!$A$7:$A$506,"MMM YYYY")=A102)*ISNUMBER('Daily Dispatch'!$A$7:$A$506)*'Daily Dispatch'!F7:F506),0) -> 0 | G102: =IFERROR(SUMPRODUCT((TEXT('Daily Dispatch'!$A$7:$A$506,"MMM YYYY")=A102)*ISNUMBER('Daily Dispatch'!$A$7:$A$506)*'Daily Dispatch'!G7:G506),0) -> 0 | H102: =IFERROR(SUMPRODUCT((TEXT('Daily Dispatch'!$A$7:$A$506,"MMM YYYY")=A102)*ISNUMBER('Daily Dispatch'!$A$7:$A$506)*'Daily Dispatch'!H7:H506),0) -> 0 | I102: =IFERROR(SUMPRODUCT((TEXT('Daily Dispatch'!$A$7:$A$506,"MMM YYYY")=A102)*ISNUMBER('Daily Dispatch'!$A$7:$A$506)*'Daily Dispatch'!I7:I506),0) -> 0 | J102: =IFERROR(SUMPRODUCT((TEXT('Daily Dispatch'!$A$7:$A$506,"MMM YYYY")=A102)*ISNUMBER('Daily Dispatch'!$A$7:$A$506)*'Daily Dispatch'!J7:J506),0) -> 0 | K102: =IFERROR(SUMPRODUCT((TEXT('Daily Dispatch'!$A$7:$A$506,"MMM YYYY")=A102)*ISNUMBER('Daily Dispatch'!$A$7:$A$506)*'Daily Dispatch'!K7:K506),0) -> 0 | L102: =IFERROR(SUMPRODUCT((TEXT('Daily Dispatch'!$A$7:$A$506,"MMM YYYY")=A102)*ISNUMBER('Daily Dispatch'!$A$7:$A$506)*'Daily Dispatch'!L7:L506),0) -> 0 | M102: =IFERROR(SUMPRODUCT((TEXT('Daily Dispatch'!$A$7:$A$506,"MMM YYYY")=A102)*ISNUMBER('Daily Dispatch'!$A$7:$A$506)*'Daily Dispatch'!M7:M506),0) -> 0 | N102: =SUM(B102:M102) -> 0
A103: Jul 2025 | B103: =IFERROR(SUMPRODUCT((TEXT('Daily Dispatch'!$A$7:$A$506,"MMM YYYY")=A103)*ISNUMBER('Daily Dispatch'!$A$7:$A$506)*'Daily Dispatch'!B7:B506),0) -> 0 | C103: =IFERROR(SUMPRODUCT((TEXT('Daily Dispatch'!$A$7:$A$506,"MMM YYYY")=A103)*ISNUMBER('Daily Dispatch'!$A$7:$A$506)*'Daily Dispatch'!C7:C506),0) -> 0 | D103: =IFERROR(SUMPRODUCT((TEXT('Daily Dispatch'!$A$7:$A$506,"MMM YYYY")=A103)*ISNUMBER('Daily Dispatch'!$A$7:$A$506)*'Daily Dispatch'!D7:D506),0) -> 0 | E103: =IFERROR(SUMPRODUCT((TEXT('Daily Dispatch'!$A$7:$A$506,"MMM YYYY")=A103)*ISNUMBER('Daily Dispatch'!$A$7:$A$506)*'Daily Dispatch'!E7:E506),0) -> 0 | F103: =IFERROR(SUMPRODUCT((TEXT('Daily Dispatch'!$A$7:$A$506,"MMM YYYY")=A103)*ISNUMBER('Daily Dispatch'!$A$7:$A$506)*'Daily Dispatch'!F7:F506),0) -> 0 | G103: =IFERROR(SUMPRODUCT((TEXT('Daily Dispatch'!$A$7:$A$506,"MMM YYYY")=A103)*ISNUMBER('Daily Dispatch'!$A$7:$A$506)*'Daily Dispatch'!G7:G506),0) -> 0 | H103: =IFERROR(SUMPRODUCT((TEXT('Daily Dispatch'!$A$7:$A$506,"MMM YYYY")=A103)*ISNUMBER('Daily Dispatch'!$A$7:$A$506)*'Daily Dispatch'!H7:H506),0) -> 0 | I103: =IFERROR(SUMPRODUCT((TEXT('Daily Dispatch'!$A$7:$A$506,"MMM YYYY")=A103)*ISNUMBER('Daily Dispatch'!$A$7:$A$506)*'Daily Dispatch'!I7:I506),0) -> 0 | J103: =IFERROR(SUMPRODUCT((TEXT('Daily Dispatch'!$A$7:$A$506,"MMM YYYY")=A103)*ISNUMBER('Daily Dispatch'!$A$7:$A$506)*'Daily Dispatch'!J7:J506),0) -> 0 | K103: =IFERROR(SUMPRODUCT((TEXT('Daily Dispatch'!$A$7:$A$506,"MMM YYYY")=A103)*ISNUMBER('Daily Dispatch'!$A$7:$A$506)*'Daily Dispatch'!K7:K506),0) -> 0 | L103: =IFERROR(SUMPRODUCT((TEXT('Daily Dispatch'!$A$7:$A$506,"MMM YYYY")=A103)*ISNUMBER('Daily Dispatch'!$A$7:$A$506)*'Daily Dispatch'!L7:L506),0) -> 0 | M103: =IFERROR(SUMPRODUCT((TEXT('Daily Dispatch'!$A$7:$A$506,"MMM YYYY")=A103)*ISNUMBER('Daily Dispatch'!$A$7:$A$506)*'Daily Dispatch'!M7:M506),0) -> 0 | N103: =SUM(B103:M103) -> 0
A104: Aug 2025 | B104: =IFERROR(SUMPRODUCT((TEXT('Daily Dispatch'!$A$7:$A$506,"MMM YYYY")=A104)*ISNUMBER('Daily Dispatch'!$A$7:$A$506)*'Daily Dispatch'!B7:B506),0) -> 0 | C104: =IFERROR(SUMPRODUCT((TEXT('Daily Dispatch'!$A$7:$A$506,"MMM YYYY")=A104)*ISNUMBER('Daily Dispatch'!$A$7:$A$506)*'Daily Dispatch'!C7:C506),0) -> 0 | D104: =IFERROR(SUMPRODUCT((TEXT('Daily Dispatch'!$A$7:$A$506,"MMM YYYY")=A104)*ISNUMBER('Daily Dispatch'!$A$7:$A$506)*'Daily Dispatch'!D7:D506),0) -> 0 | E104: =IFERROR(SUMPRODUCT((TEXT('Daily Dispatch'!$A$7:$A$506,"MMM YYYY")=A104)*ISNUMBER('Daily Dispatch'!$A$7:$A$506)*'Daily Dispatch'!E7:E506),0) -> 0 | F104: =IFERROR(SUMPRODUCT((TEXT('Daily Dispatch'!$A$7:$A$506,"MMM YYYY")=A104)*ISNUMBER('Daily Dispatch'!$A$7:$A$506)*'Daily Dispatch'!F7:F506),0) -> 0 | G104: =IFERROR(SUMPRODUCT((TEXT('Daily Dispatch'!$A$7:$A$506,"MMM YYYY")=A104)*ISNUMBER('Daily Dispatch'!$A$7:$A$506)*'Daily Dispatch'!G7:G506),0) -> 0 | H104: =IFERROR(SUMPRODUCT((TEXT('Daily Dispatch'!$A$7:$A$506,"MMM YYYY")=A104)*ISNUMBER('Daily Dispatch'!$A$7:$A$506)*'Daily Dispatch'!H7:H506),0) -> 0 | I104: =IFERROR(SUMPRODUCT((TEXT('Daily Dispatch'!$A$7:$A$506,"MMM YYYY")=A104)*ISNUMBER('Daily Dispatch'!$A$7:$A$506)*'Daily Dispatch'!I7:I506),0) -> 0 | J104: =IFERROR(SUMPRODUCT((TEXT('Daily Dispatch'!$A$7:$A$506,"MMM YYYY")=A104)*ISNUMBER('Daily Dispatch'!$A$7:$A$506)*'Daily Dispatch'!J7:J506),0) -> 0 | K104: =IFERROR(SUMPRODUCT((TEXT('Daily Dispatch'!$A$7:$A$506,"MMM YYYY")=A104)*ISNUMBER('Daily Dispatch'!$A$7:$A$506)*'Daily Dispatch'!K7:K506),0) -> 0 | L104: =IFERROR(SUMPRODUCT((TEXT('Daily Dispatch'!$A$7:$A$506,"MMM YYYY")=A104)*ISNUMBER('Daily Dispatch'!$A$7:$A$506)*'Daily Dispatch'!L7:L506),0) -> 0 | M104: =IFERROR(SUMPRODUCT((TEXT('Daily Dispatch'!$A$7:$A$506,"MMM YYYY")=A104)*ISNUMBER('Daily Dispatch'!$A$7:$A$506)*'Daily Dispatch'!M7:M506),0) -> 0 | N104: =SUM(B104:M104) -> 0
A105: Sep 2025 | B105: =IFERROR(SUMPRODUCT((TEXT('Daily Dispatch'!$A$7:$A$506,"MMM YYYY")=A105)*ISNUMBER('Daily Dispatch'!$A$7:$A$506)*'Daily Dispatch'!B7:B506),0) -> 0 | C105: =IFERROR(SUMPRODUCT((TEXT('Daily Dispatch'!$A$7:$A$506,"MMM YYYY")=A105)*ISNUMBER('Daily Dispatch'!$A$7:$A$506)*'Daily Dispatch'!C7:C506),0) -> 0 | D105: =IFERROR(SUMPRODUCT((TEXT('Daily Dispatch'!$A$7:$A$506,"MMM YYYY")=A105)*ISNUMBER('Daily Dispatch'!$A$7:$A$506)*'Daily Dispatch'!D7:D506),0) -> 0 | E105: =IFERROR(SUMPRODUCT((TEXT('Daily Dispatch'!$A$7:$A$506,"MMM YYYY")=A105)*ISNUMBER('Daily Dispatch'!$A$7:$A$506)*'Daily Dispatch'!E7:E506),0) -> 0 | F105: =IFERROR(SUMPRODUCT((TEXT('Daily Dispatch'!$A$7:$A$506,"MMM YYYY")=A105)*ISNUMBER('Daily Dispatch'!$A$7:$A$506)*'Daily Dispatch'!F7:F506),0) -> 0 | G105: =IFERROR(SUMPRODUCT((TEXT('Daily Dispatch'!$A$7:$A$506,"MMM YYYY")=A105)*ISNUMBER('Daily Dispatch'!$A$7:$A$506)*'Daily Dispatch'!G7:G506),0) -> 0 | H105: =IFERROR(SUMPRODUCT((TEXT('Daily Dispatch'!$A$7:$A$506,"MMM YYYY")=A105)*ISNUMBER('Daily Dispatch'!$A$7:$A$506)*'Daily Dispatch'!H7:H506),0) -> 0 | I105: =IFERROR(SUMPRODUCT((TEXT('Daily Dispatch'!$A$7:$A$506,"MMM YYYY")=A105)*ISNUMBER('Daily Dispatch'!$A$7:$A$506)*'Daily Dispatch'!I7:I506),0) -> 0 | J105: =IFERROR(SUMPRODUCT((TEXT('Daily Dispatch'!$A$7:$A$506,"MMM YYYY")=A105)*ISNUMBER('Daily Dispatch'!$A$7:$A$506)*'Daily Dispatch'!J7:J506),0) -> 0 | K105: =IFERROR(SUMPRODUCT((TEXT('Daily Dispatch'!$A$7:$A$506,"MMM YYYY")=A105)*ISNUMBER('Daily Dispatch'!$A$7:$A$506)*'Daily Dispatch'!K7:K506),0) -> 0 | L105: =IFERROR(SUMPRODUCT((TEXT('Daily Dispatch'!$A$7:$A$506,"MMM YYYY")=A105)*ISNUMBER('Daily Dispatch'!$A$7:$A$506)*'Daily Dispatch'!L7:L506),0) -> 0 | M105: =IFERROR(SUMPRODUCT((TEXT('Daily Dispatch'!$A$7:$A$506,"MMM YYYY")=A105)*ISNUMBER('Daily Dispatch'!$A$7:$A$506)*'Daily Dispatch'!M7:M506),0) -> 0 | N105: =SUM(B105:M105) -> 0
A106: Oct 2025 | B106: =IFERROR(SUMPRODUCT((TEXT('Daily Dispatch'!$A$7:$A$506,"MMM YYYY")=A106)*ISNUMBER('Daily Dispatch'!$A$7:$A$506)*'Daily Dispatch'!B7:B506),0) -> 0 | C106: =IFERROR(SUMPRODUCT((TEXT('Daily Dispatch'!$A$7:$A$506,"MMM YYYY")=A106)*ISNUMBER('Daily Dispatch'!$A$7:$A$506)*'Daily Dispatch'!C7:C506),0) -> 0 | D106: =IFERROR(SUMPRODUCT((TEXT('Daily Dispatch'!$A$7:$A$506,"MMM YYYY")=A106)*ISNUMBER('Daily Dispatch'!$A$7:$A$506)*'Daily Dispatch'!D7:D506),0) -> 0 | E106: =IFERROR(SUMPRODUCT((TEXT('Daily Dispatch'!$A$7:$A$506,"MMM YYYY")=A106)*ISNUMBER('Daily Dispatch'!$A$7:$A$506)*'Daily Dispatch'!E7:E506),0) -> 0 | F106: =IFERROR(SUMPRODUCT((TEXT('Daily Dispatch'!$A$7:$A$506,"MMM YYYY")=A106)*ISNUMBER('Daily Dispatch'!$A$7:$A$506)*'Daily Dispatch'!F7:F506),0) -> 0 | G106: =IFERROR(SUMPRODUCT((TEXT('Daily Dispatch'!$A$7:$A$506,"MMM YYYY")=A106)*ISNUMBER('Daily Dispatch'!$A$7:$A$506)*'Daily Dispatch'!G7:G506),0) -> 0 | H106: =IFERROR(SUMPRODUCT((TEXT('Daily Dispatch'!$A$7:$A$506,"MMM YYYY")=A106)*ISNUMBER('Daily Dispatch'!$A$7:$A$506)*'Daily Dispatch'!H7:H506),0) -> 0 | I106: =IFERROR(SUMPRODUCT((TEXT('Daily Dispatch'!$A$7:$A$506,"MMM YYYY")=A106)*ISNUMBER('Daily Dispatch'!$A$7:$A$506)*'Daily Dispatch'!I7:I506),0) -> 0 | J106: =IFERROR(SUMPRODUCT((TEXT('Daily Dispatch'!$A$7:$A$506,"MMM YYYY")=A106)*ISNUMBER('Daily Dispatch'!$A$7:$A$506)*'Daily Dispatch'!J7:J506),0) -> 0 | K106: =IFERROR(SUMPRODUCT((TEXT('Daily Dispatch'!$A$7:$A$506,"MMM YYYY")=A106)*ISNUMBER('Daily Dispatch'!$A$7:$A$506)*'Daily Dispatch'!K7:K506),0) -> 0 | L106: =IFERROR(SUMPRODUCT((TEXT('Daily Dispatch'!$A$7:$A$506,"MMM YYYY")=A106)*ISNUMBER('Daily Dispatch'!$A$7:$A$506)*'Daily Dispatch'!L7:L506),0) -> 0 | M106: =IFERROR(SUMPRODUCT((TEXT('Daily Dispatch'!$A$7:$A$506,"MMM YYYY")=A106)*ISNUMBER('Daily Dispatch'!$A$7:$A$506)*'Daily Dispatch'!M7:M506),0) -> 0 | N106: =SUM(B106:M106) -> 0
A107: Nov 2025 | B107: =IFERROR(SUMPRODUCT((TEXT('Daily Dispatch'!$A$7:$A$506,"MMM YYYY")=A107)*ISNUMBER('Daily Dispatch'!$A$7:$A$506)*'Daily Dispatch'!B7:B506),0) -> 0 | C107: =IFERROR(SUMPRODUCT((TEXT('Daily Dispatch'!$A$7:$A$506,"MMM YYYY")=A107)*ISNUMBER('Daily Dispatch'!$A$7:$A$506)*'Daily Dispatch'!C7:C506),0) -> 0 | D107: =IFERROR(SUMPRODUCT((TEXT('Daily Dispatch'!$A$7:$A$506,"MMM YYYY")=A107)*ISNUMBER('Daily Dispatch'!$A$7:$A$506)*'Daily Dispatch'!D7:D506),0) -> 0 | E107: =IFERROR(SUMPRODUCT((TEXT('Daily Dispatch'!$A$7:$A$506,"MMM YYYY")=A107)*ISNUMBER('Daily Dispatch'!$A$7:$A$506)*'Daily Dispatch'!E7:E506),0) -> 0 | F107: =IFERROR(SUMPRODUCT((TEXT('Daily Dispatch'!$A$7:$A$506,"MMM YYYY")=A107)*ISNUMBER('Daily Dispatch'!$A$7:$A$506)*'Daily Dispatch'!F7:F506),0) -> 0 | G107: =IFERROR(SUMPRODUCT((TEXT('Daily Dispatch'!$A$7:$A$506,"MMM YYYY")=A107)*ISNUMBER('Daily Dispatch'!$A$7:$A$506)*'Daily Dispatch'!G7:G506),0) -> 0 | H107: =IFERROR(SUMPRODUCT((TEXT('Daily Dispatch'!$A$7:$A$506,"MMM YYYY")=A107)*ISNUMBER('Daily Dispatch'!$A$7:$A$506)*'Daily Dispatch'!H7:H506),0) -> 0 | I107: =IFERROR(SUMPRODUCT((TEXT('Daily Dispatch'!$A$7:$A$506,"MMM YYYY")=A107)*ISNUMBER('Daily Dispatch'!$A$7:$A$506)*'Daily Dispatch'!I7:I506),0) -> 0 | J107: =IFERROR(SUMPRODUCT((TEXT('Daily Dispatch'!$A$7:$A$506,"MMM YYYY")=A107)*ISNUMBER('Daily Dispatch'!$A$7:$A$506)*'Daily Dispatch'!J7:J506),0) -> 0 | K107: =IFERROR(SUMPRODUCT((TEXT('Daily Dispatch'!$A$7:$A$506,"MMM YYYY")=A107)*ISNUMBER('Daily Dispatch'!$A$7:$A$506)*'Daily Dispatch'!K7:K506),0) -> 0 | L107: =IFERROR(SUMPRODUCT((TEXT('Daily Dispatch'!$A$7:$A$506,"MMM YYYY")=A107)*ISNUMBER('Daily Dispatch'!$A$7:$A$506)*'Daily Dispatch'!L7:L506),0) -> 0 | M107: =IFERROR(SUMPRODUCT((TEXT('Daily Dispatch'!$A$7:$A$506,"MMM YYYY")=A107)*ISNUMBER('Daily Dispatch'!$A$7:$A$506)*'Daily Dispatch'!M7:M506),0) -> 0 | N107: =SUM(B107:M107) -> 0
A108: Dec 2025 | B108: =IFERROR(SUMPRODUCT((TEXT('Daily Dispatch'!$A$7:$A$506,"MMM YYYY")=A108)*ISNUMBER('Daily Dispatch'!$A$7:$A$506)*'Daily Dispatch'!B7:B506),0) -> 0 | C108: =IFERROR(SUMPRODUCT((TEXT('Daily Dispatch'!$A$7:$A$506,"MMM YYYY")=A108)*ISNUMBER('Daily Dispatch'!$A$7:$A$506)*'Daily Dispatch'!C7:C506),0) -> 0 | D108: =IFERROR(SUMPRODUCT((TEXT('Daily Dispatch'!$A$7:$A$506,"MMM YYYY")=A108)*ISNUMBER('Daily Dispatch'!$A$7:$A$506)*'Daily Dispatch'!D7:D506),0) -> 0 | E108: =IFERROR(SUMPRODUCT((TEXT('Daily Dispatch'!$A$7:$A$506,"MMM YYYY")=A108)*ISNUMBER('Daily Dispatch'!$A$7:$A$506)*'Daily Dispatch'!E7:E506),0) -> 0 | F108: =IFERROR(SUMPRODUCT((TEXT('Daily Dispatch'!$A$7:$A$506,"MMM YYYY")=A108)*ISNUMBER('Daily Dispatch'!$A$7:$A$506)*'Daily Dispatch'!F7:F506),0) -> 0 | G108: =IFERROR(SUMPRODUCT((TEXT('Daily Dispatch'!$A$7:$A$506,"MMM YYYY")=A108)*ISNUMBER('Daily Dispatch'!$A$7:$A$506)*'Daily Dispatch'!G7:G506),0) -> 0 | H108: =IFERROR(SUMPRODUCT((TEXT('Daily Dispatch'!$A$7:$A$506,"MMM YYYY")=A108)*ISNUMBER('Daily Dispatch'!$A$7:$A$506)*'Daily Dispatch'!H7:H506),0) -> 0 | I108: =IFERROR(SUMPRODUCT((TEXT('Daily Dispatch'!$A$7:$A$506,"MMM YYYY")=A108)*ISNUMBER('Daily Dispatch'!$A$7:$A$506)*'Daily Dispatch'!I7:I506),0) -> 0 | J108: =IFERROR(SUMPRODUCT((TEXT('Daily Dispatch'!$A$7:$A$506,"MMM YYYY")=A108)*ISNUMBER('Daily Dispatch'!$A$7:$A$506)*'Daily Dispatch'!J7:J506),0) -> 0 | K108: =IFERROR(SUMPRODUCT((TEXT('Daily Dispatch'!$A$7:$A$506,"MMM YYYY")=A108)*ISNUMBER('Daily Dispatch'!$A$7:$A$506)*'Daily Dispatch'!K7:K506),0) -> 0 | L108: =IFERROR(SUMPRODUCT((TEXT('Daily Dispatch'!$A$7:$A$506,"MMM YYYY")=A108)*ISNUMBER('Daily Dispatch'!$A$7:$A$506)*'Daily Dispatch'!L7:L506),0) -> 0 | M108: =IFERROR(SUMPRODUCT((TEXT('Daily Dispatch'!$A$7:$A$506,"MMM YYYY")=A108)*ISNUMBER('Daily Dispatch'!$A$7:$A$506)*'Daily Dispatch'!M7:M506),0) -> 0 | N108: =SUM(B108:M108) -> 0
A109: Jan 2026 | B109: =IFERROR(SUMPRODUCT((TEXT('Daily Dispatch'!$A$7:$A$506,"MMM YYYY")=A109)*ISNUMBER('Daily Dispatch'!$A$7:$A$506)*'Daily Dispatch'!B7:B506),0) -> 0 | C109: =IFERROR(SUMPRODUCT((TEXT('Daily Dispatch'!$A$7:$A$506,"MMM YYYY")=A109)*ISNUMBER('Daily Dispatch'!$A$7:$A$506)*'Daily Dispatch'!C7:C506),0) -> 0 | D109: =IFERROR(SUMPRODUCT((TEXT('Daily Dispatch'!$A$7:$A$506,"MMM YYYY")=A109)*ISNUMBER('Daily Dispatch'!$A$7:$A$506)*'Daily Dispatch'!D7:D506),0) -> 0 | E109: =IFERROR(SUMPRODUCT((TEXT('Daily Dispatch'!$A$7:$A$506,"MMM YYYY")=A109)*ISNUMBER('Daily Dispatch'!$A$7:$A$506)*'Daily Dispatch'!E7:E506),0) -> 0 | F109: =IFERROR(SUMPRODUCT((TEXT('Daily Dispatch'!$A$7:$A$506,"MMM YYYY")=A109)*ISNUMBER('Daily Dispatch'!$A$7:$A$506)*'Daily Dispatch'!F7:F506),0) -> 0 | G109: =IFERROR(SUMPRODUCT((TEXT('Daily Dispatch'!$A$7:$A$506,"MMM YYYY")=A109)*ISNUMBER('Daily Dispatch'!$A$7:$A$506)*'Daily Dispatch'!G7:G506),0) -> 0 | H109: =IFERROR(SUMPRODUCT((TEXT('Daily Dispatch'!$A$7:$A$506,"MMM YYYY")=A109)*ISNUMBER('Daily Dispatch'!$A$7:$A$506)*'Daily Dispatch'!H7:H506),0) -> 0 | I109: =IFERROR(SUMPRODUCT((TEXT('Daily Dispatch'!$A$7:$A$506,"MMM YYYY")=A109)*ISNUMBER('Daily Dispatch'!$A$7:$A$506)*'Daily Dispatch'!I7:I506),0) -> 0 | J109: =IFERROR(SUMPRODUCT((TEXT('Daily Dispatch'!$A$7:$A$506,"MMM YYYY")=A109)*ISNUMBER('Daily Dispatch'!$A$7:$A$506)*'Daily Dispatch'!J7:J506),0) -> 0 | K109: =IFERROR(SUMPRODUCT((TEXT('Daily Dispatch'!$A$7:$A$506,"MMM YYYY")=A109)*ISNUMBER('Daily Dispatch'!$A$7:$A$506)*'Daily Dispatch'!K7:K506),0) -> 0 | L109: =IFERROR(SUMPRODUCT((TEXT('Daily Dispatch'!$A$7:$A$506,"MMM YYYY")=A109)*ISNUMBER('Daily Dispatch'!$A$7:$A$506)*'Daily Dispatch'!L7:L506),0) -> 0 | M109: =IFERROR(SUMPRODUCT((TEXT('Daily Dispatch'!$A$7:$A$506,"MMM YYYY")=A109)*ISNUMBER('Daily Dispatch'!$A$7:$A$506)*'Daily Dispatch'!M7:M506),0) -> 0 | N109: =SUM(B109:M109) -> 0
A110: Feb 2026 | B110: =IFERROR(SUMPRODUCT((TEXT('Daily Dispatch'!$A$7:$A$506,"MMM YYYY")=A110)*ISNUMBER('Daily Dispatch'!$A$7:$A$506)*'Daily Dispatch'!B7:B506),0) -> 0 | C110: =IFERROR(SUMPRODUCT((TEXT('Daily Dispatch'!$A$7:$A$506,"MMM YYYY")=A110)*ISNUMBER('Daily Dispatch'!$A$7:$A$506)*'Daily Dispatch'!C7:C506),0) -> 0 | D110: =IFERROR(SUMPRODUCT((TEXT('Daily Dispatch'!$A$7:$A$506,"MMM YYYY")=A110)*ISNUMBER('Daily Dispatch'!$A$7:$A$506)*'Daily Dispatch'!D7:D506),0) -> 0 | E110: =IFERROR(SUMPRODUCT((TEXT('Daily Dispatch'!$A$7:$A$506,"MMM YYYY")=A110)*ISNUMBER('Daily Dispatch'!$A$7:$A$506)*'Daily Dispatch'!E7:E506),0) -> 0 | F110: =IFERROR(SUMPRODUCT((TEXT('Daily Dispatch'!$A$7:$A$506,"MMM YYYY")=A110)*ISNUMBER('Daily Dispatch'!$A$7:$A$506)*'Daily Dispatch'!F7:F506),0) -> 0 | G110: =IFERROR(SUMPRODUCT((TEXT('Daily Dispatch'!$A$7:$A$506,"MMM YYYY")=A110)*ISNUMBER('Daily Dispatch'!$A$7:$A$506)*'Daily Dispatch'!G7:G506),0) -> 0 | H110: =IFERROR(SUMPRODUCT((TEXT('Daily Dispatch'!$A$7:$A$506,"MMM YYYY")=A110)*ISNUMBER('Daily Dispatch'!$A$7:$A$506)*'Daily Dispatch'!H7:H506),0) -> 0 | I110: =IFERROR(SUMPRODUCT((TEXT('Daily Dispatch'!$A$7:$A$506,"MMM YYYY")=A110)*ISNUMBER('Daily Dispatch'!$A$7:$A$506)*'Daily Dispatch'!I7:I506),0) -> 0 | J110: =IFERROR(SUMPRODUCT((TEXT('Daily Dispatch'!$A$7:$A$506,"MMM YYYY")=A110)*ISNUMBER('Daily Dispatch'!$A$7:$A$506)*'Daily Dispatch'!J7:J506),0) -> 0 | K110: =IFERROR(SUMPRODUCT((TEXT('Daily Dispatch'!$A$7:$A$506,"MMM YYYY")=A110)*ISNUMBER('Daily Dispatch'!$A$7:$A$506)*'Daily Dispatch'!K7:K506),0) -> 0 | L110: =IFERROR(SUMPRODUCT((TEXT('Daily Dispatch'!$A$7:$A$506,"MMM YYYY")=A110)*ISNUMBER('Daily Dispatch'!$A$7:$A$506)*'Daily Dispatch'!L7:L506),0) -> 0 | M110: =IFERROR(SUMPRODUCT((TEXT('Daily Dispatch'!$A$7:$A$506,"MMM YYYY")=A110)*ISNUMBER('Daily Dispatch'!$A$7:$A$506)*'Daily Dispatch'!M7:M506),0) -> 0 | N110: =SUM(B110:M110) -> 0
A111: Mar 2026 | B111: =IFERROR(SUMPRODUCT((TEXT('Daily Dispatch'!$A$7:$A$506,"MMM YYYY")=A111)*ISNUMBER('Daily Dispatch'!$A$7:$A$506)*'Daily Dispatch'!B7:B506),0) -> 0 | C111: =IFERROR(SUMPRODUCT((TEXT('Daily Dispatch'!$A$7:$A$506,"MMM YYYY")=A111)*ISNUMBER('Daily Dispatch'!$A$7:$A$506)*'Daily Dispatch'!C7:C506),0) -> 0 | D111: =IFERROR(SUMPRODUCT((TEXT('Daily Dispatch'!$A$7:$A$506,"MMM YYYY")=A111)*ISNUMBER('Daily Dispatch'!$A$7:$A$506)*'Daily Dispatch'!D7:D506),0) -> 0 | E111: =IFERROR(SUMPRODUCT((TEXT('Daily Dispatch'!$A$7:$A$506,"MMM YYYY")=A111)*ISNUMBER('Daily Dispatch'!$A$7:$A$506)*'Daily Dispatch'!E7:E506),0) -> 0 | F111: =IFERROR(SUMPRODUCT((TEXT('Daily Dispatch'!$A$7:$A$506,"MMM YYYY")=A111)*ISNUMBER('Daily Dispatch'!$A$7:$A$506)*'Daily Dispatch'!F7:F506),0) -> 0 | G111: =IFERROR(SUMPRODUCT((TEXT('Daily Dispatch'!$A$7:$A$506,"MMM YYYY")=A111)*ISNUMBER('Daily Dispatch'!$A$7:$A$506)*'Daily Dispatch'!G7:G506),0) -> 0 | H111: =IFERROR(SUMPRODUCT((TEXT('Daily Dispatch'!$A$7:$A$506,"MMM YYYY")=A111)*ISNUMBER('Daily Dispatch'!$A$7:$A$506)*'Daily Dispatch'!H7:H506),0) -> 0 | I111: =IFERROR(SUMPRODUCT((TEXT('Daily Dispatch'!$A$7:$A$506,"MMM YYYY")=A111)*ISNUMBER('Daily Dispatch'!$A$7:$A$506)*'Daily Dispatch'!I7:I506),0) -> 0 | J111: =IFERROR(SUMPRODUCT((TEXT('Daily Dispatch'!$A$7:$A$506,"MMM YYYY")=A111)*ISNUMBER('Daily Dispatch'!$A$7:$A$506)*'Daily Dispatch'!J7:J506),0) -> 0 | K111: =IFERROR(SUMPRODUCT((TEXT('Daily Dispatch'!$A$7:$A$506,"MMM YYYY")=A111)*ISNUMBER('Daily Dispatch'!$A$7:$A$506)*'Daily Dispatch'!K7:K506),0) -> 0 | L111: =IFERROR(SUMPRODUCT((TEXT('Daily Dispatch'!$A$7:$A$506,"MMM YYYY")=A111)*ISNUMBER('Daily Dispatch'!$A$7:$A$506)*'Daily Dispatch'!L7:L506),0) -> 0 | M111: =IFERROR(SUMPRODUCT((TEXT('Daily Dispatch'!$A$7:$A$506,"MMM YYYY")=A111)*ISNUMBER('Daily Dispatch'!$A$7:$A$506)*'Daily Dispatch'!M7:M506),0) -> 0 | N111: =SUM(B111:M111) -> 0
A112: Apr 2026 | B112: =IFERROR(SUMPRODUCT((TEXT('Daily Dispatch'!$A$7:$A$506,"MMM YYYY")=A112)*ISNUMBER('Daily Dispatch'!$A$7:$A$506)*'Daily Dispatch'!B7:B506),0) -> 0 | C112: =IFERROR(SUMPRODUCT((TEXT('Daily Dispatch'!$A$7:$A$506,"MMM YYYY")=A112)*ISNUMBER('Daily Dispatch'!$A$7:$A$506)*'Daily Dispatch'!C7:C506),0) -> 0 | D112: =IFERROR(SUMPRODUCT((TEXT('Daily Dispatch'!$A$7:$A$506,"MMM YYYY")=A112)*ISNUMBER('Daily Dispatch'!$A$7:$A$506)*'Daily Dispatch'!D7:D506),0) -> 0 | E112: =IFERROR(SUMPRODUCT((TEXT('Daily Dispatch'!$A$7:$A$506,"MMM YYYY")=A112)*ISNUMBER('Daily Dispatch'!$A$7:$A$506)*'Daily Dispatch'!E7:E506),0) -> 0 | F112: =IFERROR(SUMPRODUCT((TEXT('Daily Dispatch'!$A$7:$A$506,"MMM YYYY")=A112)*ISNUMBER('Daily Dispatch'!$A$7:$A$506)*'Daily Dispatch'!F7:F506),0) -> 0 | G112: =IFERROR(SUMPRODUCT((TEXT('Daily Dispatch'!$A$7:$A$506,"MMM YYYY")=A112)*ISNUMBER('Daily Dispatch'!$A$7:$A$506)*'Daily Dispatch'!G7:G506),0) -> 0 | H112: =IFERROR(SUMPRODUCT((TEXT('Daily Dispatch'!$A$7:$A$506,"MMM YYYY")=A112)*ISNUMBER('Daily Dispatch'!$A$7:$A$506)*'Daily Dispatch'!H7:H506),0) -> 0 | I112: =IFERROR(SUMPRODUCT((TEXT('Daily Dispatch'!$A$7:$A$506,"MMM YYYY")=A112)*ISNUMBER('Daily Dispatch'!$A$7:$A$506)*'Daily Dispatch'!I7:I506),0) -> 0 | J112: =IFERROR(SUMPRODUCT((TEXT('Daily Dispatch'!$A$7:$A$506,"MMM YYYY")=A112)*ISNUMBER('Daily Dispatch'!$A$7:$A$506)*'Daily Dispatch'!J7:J506),0) -> 0 | K112: =IFERROR(SUMPRODUCT((TEXT('Daily Dispatch'!$A$7:$A$506,"MMM YYYY")=A112)*ISNUMBER('Daily Dispatch'!$A$7:$A$506)*'Daily Dispatch'!K7:K506),0) -> 0 | L112: =IFERROR(SUMPRODUCT((TEXT('Daily Dispatch'!$A$7:$A$506,"MMM YYYY")=A112)*ISNUMBER('Daily Dispatch'!$A$7:$A$506)*'Daily Dispatch'!L7:L506),0) -> 0 | M112: =IFERROR(SUMPRODUCT((TEXT('Daily Dispatch'!$A$7:$A$506,"MMM YYYY")=A112)*ISNUMBER('Daily Dispatch'!$A$7:$A$506)*'Daily Dispatch'!M7:M506),0) -> 0 | N112: =SUM(B112:M112) -> 0
A113: May 2026 | B113: =IFERROR(SUMPRODUCT((TEXT('Daily Dispatch'!$A$7:$A$506,"MMM YYYY")=A113)*ISNUMBER('Daily Dispatch'!$A$7:$A$506)*'Daily Dispatch'!B7:B506),0) -> 0 | C113: =IFERROR(SUMPRODUCT((TEXT('Daily Dispatch'!$A$7:$A$506,"MMM YYYY")=A113)*ISNUMBER('Daily Dispatch'!$A$7:$A$506)*'Daily Dispatch'!C7:C506),0) -> 0 | D113: =IFERROR(SUMPRODUCT((TEXT('Daily Dispatch'!$A$7:$A$506,"MMM YYYY")=A113)*ISNUMBER('Daily Dispatch'!$A$7:$A$506)*'Daily Dispatch'!D7:D506),0) -> 0 | E113: =IFERROR(SUMPRODUCT((TEXT('Daily Dispatch'!$A$7:$A$506,"MMM YYYY")=A113)*ISNUMBER('Daily Dispatch'!$A$7:$A$506)*'Daily Dispatch'!E7:E506),0) -> 0 | F113: =IFERROR(SUMPRODUCT((TEXT('Daily Dispatch'!$A$7:$A$506,"MMM YYYY")=A113)*ISNUMBER('Daily Dispatch'!$A$7:$A$506)*'Daily Dispatch'!F7:F506),0) -> 0 | G113: =IFERROR(SUMPRODUCT((TEXT('Daily Dispatch'!$A$7:$A$506,"MMM YYYY")=A113)*ISNUMBER('Daily Dispatch'!$A$7:$A$506)*'Daily Dispatch'!G7:G506),0) -> 0 | H113: =IFERROR(SUMPRODUCT((TEXT('Daily Dispatch'!$A$7:$A$506,"MMM YYYY")=A113)*ISNUMBER('Daily Dispatch'!$A$7:$A$506)*'Daily Dispatch'!H7:H506),0) -> 0 | I113: =IFERROR(SUMPRODUCT((TEXT('Daily Dispatch'!$A$7:$A$506,"MMM YYYY")=A113)*ISNUMBER('Daily Dispatch'!$A$7:$A$506)*'Daily Dispatch'!I7:I506),0) -> 0 | J113: =IFERROR(SUMPRODUCT((TEXT('Daily Dispatch'!$A$7:$A$506,"MMM YYYY")=A113)*ISNUMBER('Daily Dispatch'!$A$7:$A$506)*'Daily Dispatch'!J7:J506),0) -> 0 | K113: =IFERROR(SUMPRODUCT((TEXT('Daily Dispatch'!$A$7:$A$506,"MMM YYYY")=A113)*ISNUMBER('Daily Dispatch'!$A$7:$A$506)*'Daily Dispatch'!K7:K506),0) -> 0 | L113: =IFERROR(SUMPRODUCT((TEXT('Daily Dispatch'!$A$7:$A$506,"MMM YYYY")=A113)*ISNUMBER('Daily Dispatch'!$A$7:$A$506)*'Daily Dispatch'!L7:L506),0) -> 0 | M113: =IFERROR(SUMPRODUCT((TEXT('Daily Dispatch'!$A$7:$A$506,"MMM YYYY")=A113)*ISNUMBER('Daily Dispatch'!$A$7:$A$506)*'Daily Dispatch'!M7:M506),0) -> 0 | N113: =SUM(B113:M113) -> 0
A114: Jun 2026 | B114: =IFERROR(SUMPRODUCT((TEXT('Daily Dispatch'!$A$7:$A$506,"MMM YYYY")=A114)*ISNUMBER('Daily Dispatch'!$A$7:$A$506)*'Daily Dispatch'!B7:B506),0) -> 0 | C114: =IFERROR(SUMPRODUCT((TEXT('Daily Dispatch'!$A$7:$A$506,"MMM YYYY")=A114)*ISNUMBER('Daily Dispatch'!$A$7:$A$506)*'Daily Dispatch'!C7:C506),0) -> 0 | D114: =IFERROR(SUMPRODUCT((TEXT('Daily Dispatch'!$A$7:$A$506,"MMM YYYY")=A114)*ISNUMBER('Daily Dispatch'!$A$7:$A$506)*'Daily Dispatch'!D7:D506),0) -> 0 | E114: =IFERROR(SUMPRODUCT((TEXT('Daily Dispatch'!$A$7:$A$506,"MMM YYYY")=A114)*ISNUMBER('Daily Dispatch'!$A$7:$A$506)*'Daily Dispatch'!E7:E506),0) -> 0 | F114: =IFERROR(SUMPRODUCT((TEXT('Daily Dispatch'!$A$7:$A$506,"MMM YYYY")=A114)*ISNUMBER('Daily Dispatch'!$A$7:$A$506)*'Daily Dispatch'!F7:F506),0) -> 0 | G114: =IFERROR(SUMPRODUCT((TEXT('Daily Dispatch'!$A$7:$A$506,"MMM YYYY")=A114)*ISNUMBER('Daily Dispatch'!$A$7:$A$506)*'Daily Dispatch'!G7:G506),0) -> 0 | H114: =IFERROR(SUMPRODUCT((TEXT('Daily Dispatch'!$A$7:$A$506,"MMM YYYY")=A114)*ISNUMBER('Daily Dispatch'!$A$7:$A$506)*'Daily Dispatch'!H7:H506),0) -> 0 | I114: =IFERROR(SUMPRODUCT((TEXT('Daily Dispatch'!$A$7:$A$506,"MMM YYYY")=A114)*ISNUMBER('Daily Dispatch'!$A$7:$A$506)*'Daily Dispatch'!I7:I506),0) -> 0 | J114: =IFERROR(SUMPRODUCT((TEXT('Daily Dispatch'!$A$7:$A$506,"MMM YYYY")=A114)*ISNUMBER('Daily Dispatch'!$A$7:$A$506)*'Daily Dispatch'!J7:J506),0) -> 0 | K114: =IFERROR(SUMPRODUCT((TEXT('Daily Dispatch'!$A$7:$A$506,"MMM YYYY")=A114)*ISNUMBER('Daily Dispatch'!$A$7:$A$506)*'Daily Dispatch'!K7:K506),0) -> 0 | L114: =IFERROR(SUMPRODUCT((TEXT('Daily Dispatch'!$A$7:$A$506,"MMM YYYY")=A114)*ISNUMBER('Daily Dispatch'!$A$7:$A$506)*'Daily Dispatch'!L7:L506),0) -> 0 | M114: =IFERROR(SUMPRODUCT((TEXT('Daily Dispatch'!$A$7:$A$506,"MMM YYYY")=A114)*ISNUMBER('Daily Dispatch'!$A$7:$A$506)*'Daily Dispatch'!M7:M506),0) -> 0 | N114: =SUM(B114:M114) -> 0
A115: Jul 2026 | B115: =IFERROR(SUMPRODUCT((TEXT('Daily Dispatch'!$A$7:$A$506,"MMM YYYY")=A115)*ISNUMBER('Daily Dispatch'!$A$7:$A$506)*'Daily Dispatch'!B7:B506),0) -> 0 | C115: =IFERROR(SUMPRODUCT((TEXT('Daily Dispatch'!$A$7:$A$506,"MMM YYYY")=A115)*ISNUMBER('Daily Dispatch'!$A$7:$A$506)*'Daily Dispatch'!C7:C506),0) -> 0 | D115: =IFERROR(SUMPRODUCT((TEXT('Daily Dispatch'!$A$7:$A$506,"MMM YYYY")=A115)*ISNUMBER('Daily Dispatch'!$A$7:$A$506)*'Daily Dispatch'!D7:D506),0) -> 0 | E115: =IFERROR(SUMPRODUCT((TEXT('Daily Dispatch'!$A$7:$A$506,"MMM YYYY")=A115)*ISNUMBER('Daily Dispatch'!$A$7:$A$506)*'Daily Dispatch'!E7:E506),0) -> 0 | F115: =IFERROR(SUMPRODUCT((TEXT('Daily Dispatch'!$A$7:$A$506,"MMM YYYY")=A115)*ISNUMBER('Daily Dispatch'!$A$7:$A$506)*'Daily Dispatch'!F7:F506),0) -> 0 | G115: =IFERROR(SUMPRODUCT((TEXT('Daily Dispatch'!$A$7:$A$506,"MMM YYYY")=A115)*ISNUMBER('Daily Dispatch'!$A$7:$A$506)*'Daily Dispatch'!G7:G506),0) -> 0 | H115: =IFERROR(SUMPRODUCT((TEXT('Daily Dispatch'!$A$7:$A$506,"MMM YYYY")=A115)*ISNUMBER('Daily Dispatch'!$A$7:$A$506)*'Daily Dispatch'!H7:H506),0) -> 0 | I115: =IFERROR(SUMPRODUCT((TEXT('Daily Dispatch'!$A$7:$A$506,"MMM YYYY")=A115)*ISNUMBER('Daily Dispatch'!$A$7:$A$506)*'Daily Dispatch'!I7:I506),0) -> 0 | J115: =IFERROR(SUMPRODUCT((TEXT('Daily Dispatch'!$A$7:$A$506,"MMM YYYY")=A115)*ISNUMBER('Daily Dispatch'!$A$7:$A$506)*'Daily Dispatch'!J7:J506),0) -> 0 | K115: =IFERROR(SUMPRODUCT((TEXT('Daily Dispatch'!$A$7:$A$506,"MMM YYYY")=A115)*ISNUMBER('Daily Dispatch'!$A$7:$A$506)*'Daily Dispatch'!K7:K506),0) -> 0 | L115: =IFERROR(SUMPRODUCT((TEXT('Daily Dispatch'!$A$7:$A$506,"MMM YYYY")=A115)*ISNUMBER('Daily Dispatch'!$A$7:$A$506)*'Daily Dispatch'!L7:L506),0) -> 0 | M115: =IFERROR(SUMPRODUCT((TEXT('Daily Dispatch'!$A$7:$A$506,"MMM YYYY")=A115)*ISNUMBER('Daily Dispatch'!$A$7:$A$506)*'Daily Dispatch'!M7:M506),0) -> 0 | N115: =SUM(B115:M115) -> 0
A118: © 2026 MeDa Partners Pvt Ltd · Systems by MeDa Partners · Brand: Wayveda® · www.meda.partners · Dream. Deliver. Dominate.

Sheet RTO Analysis
A1: ✦ MeDa Partners | Dream · Deliver · Dominate Wayveda — RTO Analysis | Right / Wrong / Fake + Warehouse Fault %
A3: ⚠ Systems by MeDa Partners Pvt Ltd (www.meda.partners) | Brand: Wayveda® | Confidential & Proprietary
A4: Monthly RTO — Right (Recovered) | F4: Wrong + Fake (Lost) | K4: Totals & Warehouse Fault
A6: Month | B6: Bum Plumping Right | C6: Intimate Whit Right | D6: Chocolate Pow Right | E6: Strawberry Po Right | F6: Bhasam Power Right | G6: Power Shots S Right | H6: Hairfall Cont Right | I6: Hairfall Cont Right | J6: Hairfall Cont Right | K6: Anti-Hairfall Right | L6: Power Roll Oi Right | M6: Power Shot Oi Right | N6: Total Right | O6: Total Wrong+Fake | P6: Total RTO | Q6: Dispatch Total | R6: RTO Rate % | S6: Warehouse Fault %
A7: Apr 2025 | B7: =IFERROR(SUMPRODUCT((TEXT('RTO Log'!$A$8:$A$508,"MMM YYYY")=A7)*ISNUMBER('RTO Log'!$A$8:$A$508)*'RTO Log'!B8:B508),0) -> 0 | C7: =IFERROR(SUMPRODUCT((TEXT('RTO Log'!$A$8:$A$508,"MMM YYYY")=A7)*ISNUMBER('RTO Log'!$A$8:$A$508)*'RTO Log'!E8:E508),0) -> 0 | D7: =IFERROR(SUMPRODUCT((TEXT('RTO Log'!$A$8:$A$508,"MMM YYYY")=A7)*ISNUMBER('RTO Log'!$A$8:$A$508)*'RTO Log'!H8:H508),0) -> 0 | E7: =IFERROR(SUMPRODUCT((TEXT('RTO Log'!$A$8:$A$508,"MMM YYYY")=A7)*ISNUMBER('RTO Log'!$A$8:$A$508)*'RTO Log'!K8:K508),0) -> 0 | F7: =IFERROR(SUMPRODUCT((TEXT('RTO Log'!$A$8:$A$508,"MMM YYYY")=A7)*ISNUMBER('RTO Log'!$A$8:$A$508)*'RTO Log'!N8:N508),0) -> 0 | G7: =IFERROR(SUMPRODUCT((TEXT('RTO Log'!$A$8:$A$508,"MMM YYYY")=A7)*ISNUMBER('RTO Log'!$A$8:$A$508)*'RTO Log'!Q8:Q508),0) -> 0 | H7: =IFERROR(SUMPRODUCT((TEXT('RTO Log'!$A$8:$A$508,"MMM YYYY")=A7)*ISNUMBER('RTO Log'!$A$8:$A$508)*'RTO Log'!T8:T508),0) -> 0 | I7: =IFERROR(SUMPRODUCT((TEXT('RTO Log'!$A$8:$A$508,"MMM YYYY")=A7)*ISNUMBER('RTO Log'!$A$8:$A$508)*'RTO Log'!W8:W508),0) -> 0 | J7: =IFERROR(SUMPRODUCT((TEXT('RTO Log'!$A$8:$A$508,"MMM YYYY")=A7)*ISNUMBER('RTO Log'!$A$8:$A$508)*'RTO Log'!Z8:Z508),0) -> 0 | K7: =IFERROR(SUMPRODUCT((TEXT('RTO Log'!$A$8:$A$508,"MMM YYYY")=A7)*ISNUMBER('RTO Log'!$A$8:$A$508)*'RTO Log'!AC8:AC508),0) -> 0 | L7: =IFERROR(SUMPRODUCT((TEXT('RTO Log'!$A$8:$A$508,"MMM YYYY")=A7)*ISNUMBER('RTO Log'!$A$8:$A$508)*'RTO Log'!AF8:AF508),0) -> 0 | M7: =IFERROR(SUMPRODUCT((TEXT('RTO Log'!$A$8:$A$508,"MMM YYYY")=A7)*ISNUMBER('RTO Log'!$A$8:$A$508)*'RTO Log'!AI8:AI508),0) -> 0 | N7: =SUM(B7:M7) -> 0 | O7: =IFERROR(SUMPRODUCT((TEXT('RTO Log'!$A$8:$A$508,"MMM YYYY")=A7)*ISNUMBER('RTO Log'!$A$8:$A$508)*'RTO Log'!C8:C508),0)+IFERROR(SUMPRODUCT((TEXT('RTO Log'!$A$8:$A$508,"MMM YYYY")=A7)*ISNUMBER('rto log' $))))))))))))))) -> #VALUE! | P7: =N7+O7 -> #VALUE! | Q7: =IFERROR(SUMPRODUCT((TEXT('Daily Dispatch'!$A$7:$A$506,"MMM YYYY")=A7)*ISNUMBER('Daily Dispatch'!$A$7:$A$506)*'Daily Dispatch'!B7:B506),0)+IFERROR(SUMPRODUCT((TEXT('Daily Dispatch'!$A$7:$A$506,"mmm yyy)))))))))))))))))))) -> #VALUE! | R7: =IFERROR(IF(Q7=0,"—",TEXT(ROUND(P7/Q7*100,1),"0.0")&"%"),"—") -> — | S7: =IFERROR(IF(Q7=0,"—",TEXT(ROUND(O7/Q7*100,1),"0.0")&"%"),"—") -> —
A8: May 2025 | B8: =IFERROR(SUMPRODUCT((TEXT('RTO Log'!$A$8:$A$508,"MMM YYYY")=A8)*ISNUMBER('RTO Log'!$A$8:$A$508)*'RTO Log'!B8:B508),0) -> 0 | C8: =IFERROR(SUMPRODUCT((TEXT('RTO Log'!$A$8:$A$508,"MMM YYYY")=A8)*ISNUMBER('RTO Log'!$A$8:$A$508)*'RTO Log'!E8:E508),0) -> 0 | D8: =IFERROR(SUMPRODUCT((TEXT('RTO Log'!$A$8:$A$508,"MMM YYYY")=A8)*ISNUMBER('RTO Log'!$A$8:$A$508)*'RTO Log'!H8:H508),0) -> 0 | E8: =IFERROR(SUMPRODUCT((TEXT('RTO Log'!$A$8:$A$508,"MMM YYYY")=A8)*ISNUMBER('RTO Log'!$A$8:$A$508)*'RTO Log'!K8:K508),0) -> 0 | F8: =IFERROR(SUMPRODUCT((TEXT('RTO Log'!$A$8:$A$508,"MMM YYYY")=A8)*ISNUMBER('RTO Log'!$A$8:$A$508)*'RTO Log'!N8:N508),0) -> 0 | G8: =IFERROR(SUMPRODUCT((TEXT('RTO Log'!$A$8:$A$508,"MMM YYYY")=A8)*ISNUMBER('RTO Log'!$A$8:$A$508)*'RTO Log'!Q8:Q508),0) -> 0 | H8: =IFERROR(SUMPRODUCT((TEXT('RTO Log'!$A$8:$A$508,"MMM YYYY")=A8)*ISNUMBER('RTO Log'!$A$8:$A$508)*'RTO Log'!T8:T508),0) -> 0 | I8: =IFERROR(SUMPRODUCT((TEXT('RTO Log'!$A$8:$A$508,"MMM YYYY")=A8)*ISNUMBER('RTO Log'!$A$8:$A$508)*'RTO Log'!W8:W508),0) -> 0 | J8: =IFERROR(SUMPRODUCT((TEXT('RTO Log'!$A$8:$A$508,"MMM YYYY")=A8)*ISNUMBER('RTO Log'!$A$8:$A$508)*'RTO Log'!Z8:Z508),0) -> 0 | K8: =IFERROR(SUMPRODUCT((TEXT('RTO Log'!$A$8:$A$508,"MMM YYYY")=A8)*ISNUMBER('RTO Log'!$A$8:$A$508)*'RTO Log'!AC8:AC508),0) -> 0 | L8: =IFERROR(SUMPRODUCT((TEXT('RTO Log'!$A$8:$A$508,"MMM YYYY")=A8)*ISNUMBER('RTO Log'!$A$8:$A$508)*'RTO Log'!AF8:AF508),0) -> 0 | M8: =IFERROR(SUMPRODUCT((TEXT('RTO Log'!$A$8:$A$508,"MMM YYYY")=A8)*ISNUMBER('RTO Log'!$A$8:$A$508)*'RTO Log'!AI8:AI508),0) -> 0 | N8: =SUM(B8:M8) -> 0 | O8: =IFERROR(SUMPRODUCT((TEXT('RTO Log'!$A$8:$A$508,"MMM YYYY")=A8)*ISNUMBER('RTO Log'!$A$8:$A$508)*'RTO Log'!C8:C508),0)+IFERROR(SUMPRODUCT((TEXT('RTO Log'!$A$8:$A$508,"MMM YYYY")=A8)*ISNUMBER('rto log' $))))))))))))))) -> #VALUE! | P8: =N8+O8 -> #VALUE! | Q8: =IFERROR(SUMPRODUCT((TEXT('Daily Dispatch'!$A$7:$A$506,"MMM YYYY")=A8)*ISNUMBER('Daily Dispatch'!$A$7:$A$506)*'Daily Dispatch'!B7:B506),0)+IFERROR(SUMPRODUCT((TEXT('Daily Dispatch'!$A$7:$A$506,"mmm yyy)))))))))))))))))))) -> #VALUE! | R8: =IFERROR(IF(Q8=0,"—",TEXT(ROUND(P8/Q8*100,1),"0.0")&"%"),"—") -> — | S8: =IFERROR(IF(Q8=0,"—",TEXT(ROUND(O8/Q8*100,1),"0.0")&"%"),"—") -> —
A9: Jun 2025 | B9: =IFERROR(SUMPRODUCT((TEXT('RTO Log'!$A$8:$A$508,"MMM YYYY")=A9)*ISNUMBER('RTO Log'!$A$8:$A$508)*'RTO Log'!B8:B508),0) -> 0 | C9: =IFERROR(SUMPRODUCT((TEXT('RTO Log'!$A$8:$A$508,"MMM YYYY")=A9)*ISNUMBER('RTO Log'!$A$8:$A$508)*'RTO Log'!E8:E508),0) -> 0 | D9: =IFERROR(SUMPRODUCT((TEXT('RTO Log'!$A$8:$A$508,"MMM YYYY")=A9)*ISNUMBER('RTO Log'!$A$8:$A$508)*'RTO Log'!H8:H508),0) -> 0 | E9: =IFERROR(SUMPRODUCT((TEXT('RTO Log'!$A$8:$A$508,"MMM YYYY")=A9)*ISNUMBER('RTO Log'!$A$8:$A$508)*'RTO Log'!K8:K508),0) -> 0 | F9: =IFERROR(SUMPRODUCT((TEXT('RTO Log'!$A$8:$A$508,"MMM YYYY")=A9)*ISNUMBER('RTO Log'!$A$8:$A$508)*'RTO Log'!N8:N508),0) -> 0 | G9: =IFERROR(SUMPRODUCT((TEXT('RTO Log'!$A$8:$A$508,"MMM YYYY")=A9)*ISNUMBER('RTO Log'!$A$8:$A$508)*'RTO Log'!Q8:Q508),0) -> 0 | H9: =IFERROR(SUMPRODUCT((TEXT('RTO Log'!$A$8:$A$508,"MMM YYYY")=A9)*ISNUMBER('RTO Log'!$A$8:$A$508)*'RTO Log'!T8:T508),0) -> 0 | I9: =IFERROR(SUMPRODUCT((TEXT('RTO Log'!$A$8:$A$508,"MMM YYYY")=A9)*ISNUMBER('RTO Log'!$A$8:$A$508)*'RTO Log'!W8:W508),0) -> 0 | J9: =IFERROR(SUMPRODUCT((TEXT('RTO Log'!$A$8:$A$508,"MMM YYYY")=A9)*ISNUMBER('RTO Log'!$A$8:$A$508)*'RTO Log'!Z8:Z508),0) -> 0 | K9: =IFERROR(SUMPRODUCT((TEXT('RTO Log'!$A$8:$A$508,"MMM YYYY")=A9)*ISNUMBER('RTO Log'!$A$8:$A$508)*'RTO Log'!AC8:AC508),0) -> 0 | L9: =IFERROR(SUMPRODUCT((TEXT('RTO Log'!$A$8:$A$508,"MMM YYYY")=A9)*ISNUMBER('RTO Log'!$A$8:$A$508)*'RTO Log'!AF8:AF508),0) -> 0 | M9: =IFERROR(SUMPRODUCT((TEXT('RTO Log'!$A$8:$A$508,"MMM YYYY")=A9)*ISNUMBER('RTO Log'!$A$8:$A$508)*'RTO Log'!AI8:AI508),0) -> 0 | N9: =SUM(B9:M9) -> 0 | O9: =IFERROR(SUMPRODUCT((TEXT('RTO Log'!$A$8:$A$508,"MMM YYYY")=A9)*ISNUMBER('RTO Log'!$A$8:$A$508)*'RTO Log'!C8:C508),0)+IFERROR(SUMPRODUCT((TEXT('RTO Log'!$A$8:$A$508,"MMM YYYY")=A9)*ISNUMBER('rto log' $))))))))))))))) -> #VALUE! | P9: =N9+O9 -> #VALUE! | Q9: =IFERROR(SUMPRODUCT((TEXT('Daily Dispatch'!$A$7:$A$506,"MMM YYYY")=A9)*ISNUMBER('Daily Dispatch'!$A$7:$A$506)*'Daily Dispatch'!B7:B506),0)+IFERROR(SUMPRODUCT((TEXT('Daily Dispatch'!$A$7:$A$506,"mmm yyy)))))))))))))))))))) -> #VALUE! | R9: =IFERROR(IF(Q9=0,"—",TEXT(ROUND(P9/Q9*100,1),"0.0")&"%"),"—") -> — | S9: =IFERROR(IF(Q9=0,"—",TEXT(ROUND(O9/Q9*100,1),"0.0")&"%"),"—") -> —
A10: Jul 2025 | B10: =IFERROR(SUMPRODUCT((TEXT('RTO Log'!$A$8:$A$508,"MMM YYYY")=A10)*ISNUMBER('RTO Log'!$A$8:$A$508)*'RTO Log'!B8:B508),0) -> 0 | C10: =IFERROR(SUMPRODUCT((TEXT('RTO Log'!$A$8:$A$508,"MMM YYYY")=A10)*ISNUMBER('RTO Log'!$A$8:$A$508)*'RTO Log'!E8:E508),0) -> 0 | D10: =IFERROR(SUMPRODUCT((TEXT('RTO Log'!$A$8:$A$508,"MMM YYYY")=A10)*ISNUMBER('RTO Log'!$A$8:$A$508)*'RTO Log'!H8:H508),0) -> 0 | E10: =IFERROR(SUMPRODUCT((TEXT('RTO Log'!$A$8:$A$508,"MMM YYYY")=A10)*ISNUMBER('RTO Log'!$A$8:$A$508)*'RTO Log'!K8:K508),0) -> 0 | F10: =IFERROR(SUMPRODUCT((TEXT('RTO Log'!$A$8:$A$508,"MMM YYYY")=A10)*ISNUMBER('RTO Log'!$A$8:$A$508)*'RTO Log'!N8:N508),0) -> 0 | G10: =IFERROR(SUMPRODUCT((TEXT('RTO Log'!$A$8:$A$508,"MMM YYYY")=A10)*ISNUMBER('RTO Log'!$A$8:$A$508)*'RTO Log'!Q8:Q508),0) -> 0 | H10: =IFERROR(SUMPRODUCT((TEXT('RTO Log'!$A$8:$A$508,"MMM YYYY")=A10)*ISNUMBER('RTO Log'!$A$8:$A$508)*'RTO Log'!T8:T508),0) -> 0 | I10: =IFERROR(SUMPRODUCT((TEXT('RTO Log'!$A$8:$A$508,"MMM YYYY")=A10)*ISNUMBER('RTO Log'!$A$8:$A$508)*'RTO Log'!W8:W508),0) -> 0 | J10: =IFERROR(SUMPRODUCT((TEXT('RTO Log'!$A$8:$A$508,"MMM YYYY")=A10)*ISNUMBER('RTO Log'!$A$8:$A$508)*'RTO Log'!Z8:Z508),0) -> 0 | K10: =IFERROR(SUMPRODUCT((TEXT('RTO Log'!$A$8:$A$508,"MMM YYYY")=A10)*ISNUMBER('RTO Log'!$A$8:$A$508)*'RTO Log'!AC8:AC508),0) -> 0 | L10: =IFERROR(SUMPRODUCT((TEXT('RTO Log'!$A$8:$A$508,"MMM YYYY")=A10)*ISNUMBER('RTO Log'!$A$8:$A$508)*'RTO Log'!AF8:AF508),0) -> 0 | M10: =IFERROR(SUMPRODUCT((TEXT('RTO Log'!$A$8:$A$508,"MMM YYYY")=A10)*ISNUMBER('RTO Log'!$A$8:$A$508)*'RTO Log'!AI8:AI508),0) -> 0 | N10: =SUM(B10:M10) -> 0 | O10: =IFERROR(SUMPRODUCT((TEXT('RTO Log'!$A$8:$A$508,"MMM YYYY")=A10)*ISNUMBER('RTO Log'!$A$8:$A$508)*'RTO Log'!C8:C508),0)+IFERROR(SUMPRODUCT((TEXT('RTO Log'!$A$8:$A$508,"MMM YYYY")=A10)*ISNUMBER('rto log'))) -> #VALUE! | P10: =N10+O10 -> #VALUE! | Q10: =IFERROR(SUMPRODUCT((TEXT('Daily Dispatch'!$A$7:$A$506,"MMM YYYY")=A10)*ISNUMBER('Daily Dispatch'!$A$7:$A$506)*'Daily Dispatch'!B7:B506),0)+IFERROR(SUMPRODUCT((TEXT('Daily Dispatch'!$A$7:$A$506,"mmm yy)))))))))))))))))))) -> #VALUE! | R10: =IFERROR(IF(Q10=0,"—",TEXT(ROUND(P10/Q10*100,1),"0.0")&"%"),"—") -> — | S10: =IFERROR(IF(Q10=0,"—",TEXT(ROUND(O10/Q10*100,1),"0.0")&"%"),"—") -> —
A11: Aug 2025 | B11: =IFERROR(SUMPRODUCT((TEXT('RTO Log'!$A$8:$A$508,"MMM YYYY")=A11)*ISNUMBER('RTO Log'!$A$8:$A$508)*'RTO Log'!B8:B508),0) -> 0 | C11: =IFERROR(SUMPRODUCT((TEXT('RTO Log'!$A$8:$A$508,"MMM YYYY")=A11)*ISNUMBER('RTO Log'!$A$8:$A$508)*'RTO Log'!E8:E508),0) -> 0 | D11: =IFERROR(SUMPRODUCT((TEXT('RTO Log'!$A$8:$A$508,"MMM YYYY")=A11)*ISNUMBER('RTO Log'!$A$8:$A$508)*'RTO Log'!H8:H508),0) -> 0 | E11: =IFERROR(SUMPRODUCT((TEXT('RTO Log'!$A$8:$A$508,"MMM YYYY")=A11)*ISNUMBER('RTO Log'!$A$8:$A$508)*'RTO Log'!K8:K508),0) -> 0 | F11: =IFERROR(SUMPRODUCT((TEXT('RTO Log'!$A$8:$A$508,"MMM YYYY")=A11)*ISNUMBER('RTO Log'!$A$8:$A$508)*'RTO Log'!N8:N508),0) -> 0 | G11: =IFERROR(SUMPRODUCT((TEXT('RTO Log'!$A$8:$A$508,"MMM YYYY")=A11)*ISNUMBER('RTO Log'!$A$8:$A$508)*'RTO Log'!Q8:Q508),0) -> 0 | H11: =IFERROR(SUMPRODUCT((TEXT('RTO Log'!$A$8:$A$508,"MMM YYYY")=A11)*ISNUMBER('RTO Log'!$A$8:$A$508)*'RTO Log'!T8:T508),0) -> 0 | I11: =IFERROR(SUMPRODUCT((TEXT('RTO Log'!$A$8:$A$508,"MMM YYYY")=A11)*ISNUMBER('RTO Log'!$A$8:$A$508)*'RTO Log'!W8:W508),0) -> 0 | J11: =IFERROR(SUMPRODUCT((TEXT('RTO Log'!$A$8:$A$508,"MMM YYYY")=A11)*ISNUMBER('RTO Log'!$A$8:$A$508)*'RTO Log'!Z8:Z508),0) -> 0 | K11: =IFERROR(SUMPRODUCT((TEXT('RTO Log'!$A$8:$A$508,"MMM YYYY")=A11)*ISNUMBER('RTO Log'!$A$8:$A$508)*'RTO Log'!AC8:AC508),0) -> 0 | L11: =IFERROR(SUMPRODUCT((TEXT('RTO Log'!$A$8:$A$508,"MMM YYYY")=A11)*ISNUMBER('RTO Log'!$A$8:$A$508)*'RTO Log'!AF8:AF508),0) -> 0 | M11: =IFERROR(SUMPRODUCT((TEXT('RTO Log'!$A$8:$A$508,"MMM YYYY")=A11)*ISNUMBER('RTO Log'!$A$8:$A$508)*'RTO Log'!AI8:AI508),0) -> 0 | N11: =SUM(B11:M11) -> 0 | O11: =IFERROR(SUMPRODUCT((TEXT('RTO Log'!$A$8:$A$508,"MMM YYYY")=A11)*ISNUMBER('RTO Log'!$A$8:$A$508)*'RTO Log'!C8:C508),0)+IFERROR(SUMPRODUCT((TEXT('RTO Log'!$A$8:$A$508,"MMM YYYY")=A11)*ISNUMBER('rto log'))) -> #VALUE! | P11: =N11+O11 -> #VALUE! | Q11: =IFERROR(SUMPRODUCT((TEXT('Daily Dispatch'!$A$7:$A$506,"MMM YYYY")=A11)*ISNUMBER('Daily Dispatch'!$A$7:$A$506)*'Daily Dispatch'!B7:B506),0)+IFERROR(SUMPRODUCT((TEXT('Daily Dispatch'!$A$7:$A$506,"mmm yy)))))))))))))))))))) -> #VALUE! | R11: =IFERROR(IF(Q11=0,"—",TEXT(ROUND(P11/Q11*100,1),"0.0")&"%"),"—") -> — | S11: =IFERROR(IF(Q11=0,"—",TEXT(ROUND(O11/Q11*100,1),"0.0")&"%"),"—") -> —
A12: Sep 2025 | B12: =IFERROR(SUMPRODUCT((TEXT('RTO Log'!$A$8:$A$508,"MMM YYYY")=A12)*ISNUMBER('RTO Log'!$A$8:$A$508)*'RTO Log'!B8:B508),0) -> 0 | C12: =IFERROR(SUMPRODUCT((TEXT('RTO Log'!$A$8:$A$508,"MMM YYYY")=A12)*ISNUMBER('RTO Log'!$A$8:$A$508)*'RTO Log'!E8:E508),0) -> 0 | D12: =IFERROR(SUMPRODUCT((TEXT('RTO Log'!$A$8:$A$508,"MMM YYYY")=A12)*ISNUMBER('RTO Log'!$A$8:$A$508)*'RTO Log'!H8:H508),0) -> 0 | E12: =IFERROR(SUMPRODUCT((TEXT('RTO Log'!$A$8:$A$508,"MMM YYYY")=A12)*ISNUMBER('RTO Log'!$A$8:$A$508)*'RTO Log'!K8:K508),0) -> 0 | F12: =IFERROR(SUMPRODUCT((TEXT('RTO Log'!$A$8:$A$508,"MMM YYYY")=A12)*ISNUMBER('RTO Log'!$A$8:$A$508)*'RTO Log'!N8:N508),0) -> 0 | G12: =IFERROR(SUMPRODUCT((TEXT('RTO Log'!$A$8:$A$508,"MMM YYYY")=A12)*ISNUMBER('RTO Log'!$A$8:$A$508)*'RTO Log'!Q8:Q508),0) -> 0 | H12: =IFERROR(SUMPRODUCT((TEXT('RTO Log'!$A$8:$A$508,"MMM YYYY")=A12)*ISNUMBER('RTO Log'!$A$8:$A$508)*'RTO Log'!T8:T508),0) -> 0 | I12: =IFERROR(SUMPRODUCT((TEXT('RTO Log'!$A$8:$A$508,"MMM YYYY")=A12)*ISNUMBER('RTO Log'!$A$8:$A$508)*'RTO Log'!W8:W508),0) -> 0 | J12: =IFERROR(SUMPRODUCT((TEXT('RTO Log'!$A$8:$A$508,"MMM YYYY")=A12)*ISNUMBER('RTO Log'!$A$8:$A$508)*'RTO Log'!Z8:Z508),0) -> 0 | K12: =IFERROR(SUMPRODUCT((TEXT('RTO Log'!$A$8:$A$508,"MMM YYYY")=A12)*ISNUMBER('RTO Log'!$A$8:$A$508)*'RTO Log'!AC8:AC508),0) -> 0 | L12: =IFERROR(SUMPRODUCT((TEXT('RTO Log'!$A$8:$A$508,"MMM YYYY")=A12)*ISNUMBER('RTO Log'!$A$8:$A$508)*'RTO Log'!AF8:AF508),0) -> 0 | M12: =IFERROR(SUMPRODUCT((TEXT('RTO Log'!$A$8:$A$508,"MMM YYYY")=A12)*ISNUMBER('RTO Log'!$A$8:$A$508)*'RTO Log'!AI8:AI508),0) -> 0 | N12: =SUM(B12:M12) -> 0 | O12: =IFERROR(SUMPRODUCT((TEXT('RTO Log'!$A$8:$A$508,"MMM YYYY")=A12)*ISNUMBER('RTO Log'!$A$8:$A$508)*'RTO Log'!C8:C508),0)+IFERROR(SUMPRODUCT((TEXT('RTO Log'!$A$8:$A$508,"MMM YYYY")=A12)*ISNUMBER('rto log'))) -> #VALUE! | P12: =N12+O12 -> #VALUE! | Q12: =IFERROR(SUMPRODUCT((TEXT('Daily Dispatch'!$A$7:$A$506,"MMM YYYY")=A12)*ISNUMBER('Daily Dispatch'!$A$7:$A$506)*'Daily Dispatch'!B7:B506),0)+IFERROR(SUMPRODUCT((TEXT('Daily Dispatch'!$A$7:$A$506,"mmm yy)))))))))))))))))))) -> #VALUE! | R12: =IFERROR(IF(Q12=0,"—",TEXT(ROUND(P12/Q12*100,1),"0.0")&"%"),"—") -> — | S12: =IFERROR(IF(Q12=0,"—",TEXT(ROUND(O12/Q12*100,1),"0.0")&"%"),"—") -> —
A13: Oct 2025 | B13: =IFERROR(SUMPRODUCT((TEXT('RTO Log'!$A$8:$A$508,"MMM YYYY")=A13)*ISNUMBER('RTO Log'!$A$8:$A$508)*'RTO Log'!B8:B508),0) -> 0 | C13: =IFERROR(SUMPRODUCT((TEXT('RTO Log'!$A$8:$A$508,"MMM YYYY")=A13)*ISNUMBER('RTO Log'!$A$8:$A$508)*'RTO Log'!E8:E508),0) -> 0 | D13: =IFERROR(SUMPRODUCT((TEXT('RTO Log'!$A$8:$A$508,"MMM YYYY")=A13)*ISNUMBER('RTO Log'!$A$8:$A$508)*'RTO Log'!H8:H508),0) -> 0 | E13: =IFERROR(SUMPRODUCT((TEXT('RTO Log'!$A$8:$A$508,"MMM YYYY")=A13)*ISNUMBER('RTO Log'!$A$8:$A$508)*'RTO Log'!K8:K508),0) -> 0 | F13: =IFERROR(SUMPRODUCT((TEXT('RTO Log'!$A$8:$A$508,"MMM YYYY")=A13)*ISNUMBER('RTO Log'!$A$8:$A$508)*'RTO Log'!N8:N508),0) -> 0 | G13: =IFERROR(SUMPRODUCT((TEXT('RTO Log'!$A$8:$A$508,"MMM YYYY")=A13)*ISNUMBER('RTO Log'!$A$8:$A$508)*'RTO Log'!Q8:Q508),0) -> 0 | H13: =IFERROR(SUMPRODUCT((TEXT('RTO Log'!$A$8:$A$508,"MMM YYYY")=A13)*ISNUMBER('RTO Log'!$A$8:$A$508)*'RTO Log'!T8:T508),0) -> 0 | I13: =IFERROR(SUMPRODUCT((TEXT('RTO Log'!$A$8:$A$508,"MMM YYYY")=A13)*ISNUMBER('RTO Log'!$A$8:$A$508)*'RTO Log'!W8:W508),0) -> 0 | J13: =IFERROR(SUMPRODUCT((TEXT('RTO Log'!$A$8:$A$508,"MMM YYYY")=A13)*ISNUMBER('RTO Log'!$A$8:$A$508)*'RTO Log'!Z8:Z508),0) -> 0 | K13: =IFERROR(SUMPRODUCT((TEXT('RTO Log'!$A$8:$A$508,"MMM YYYY")=A13)*ISNUMBER('RTO Log'!$A$8:$A$508)*'RTO Log'!AC8:AC508),0) -> 0 | L13: =IFERROR(SUMPRODUCT((TEXT('RTO Log'!$A$8:$A$508,"MMM YYYY")=A13)*ISNUMBER('RTO Log'!$A$8:$A$508)*'RTO Log'!AF8:AF508),0) -> 0 | M13: =IFERROR(SUMPRODUCT((TEXT('RTO Log'!$A$8:$A$508,"MMM YYYY")=A13)*ISNUMBER('RTO Log'!$A$8:$A$508)*'RTO Log'!AI8:AI508),0) -> 0 | N13: =SUM(B13:M13) -> 0 | O13: =IFERROR(SUMPRODUCT((TEXT('RTO Log'!$A$8:$A$508,"MMM YYYY")=A13)*ISNUMBER('RTO Log'!$A$8:$A$508)*'RTO Log'!C8:C508),0)+IFERROR(SUMPRODUCT((TEXT('RTO Log'!$A$8:$A$508,"MMM YYYY")=A13)*ISNUMBER('rto log'))) -> #VALUE! | P13: =N13+O13 -> #VALUE! | Q13: =IFERROR(SUMPRODUCT((TEXT('Daily Dispatch'!$A$7:$A$506,"MMM YYYY")=A13)*ISNUMBER('Daily Dispatch'!$A$7:$A$506)*'Daily Dispatch'!B7:B506),0)+IFERROR(SUMPRODUCT((TEXT('Daily Dispatch'!$A$7:$A$506,"mmm yy)))))))))))))))))))) -> #VALUE! | R13: =IFERROR(IF(Q13=0,"—",TEXT(ROUND(P13/Q13*100,1),"0.0")&"%"),"—") -> — | S13: =IFERROR(IF(Q13=0,"—",TEXT(ROUND(O13/Q13*100,1),"0.0")&"%"),"—") -> —
A14: Nov 2025 | B14: =IFERROR(SUMPRODUCT((TEXT('RTO Log'!$A$8:$A$508,"MMM YYYY")=A14)*ISNUMBER('RTO Log'!$A$8:$A$508)*'RTO Log'!B8:B508),0) -> 0 | C14: =IFERROR(SUMPRODUCT((TEXT('RTO Log'!$A$8:$A$508,"MMM YYYY")=A14)*ISNUMBER('RTO Log'!$A$8:$A$508)*'RTO Log'!E8:E508),0) -> 0 | D14: =IFERROR(SUMPRODUCT((TEXT('RTO Log'!$A$8:$A$508,"MMM YYYY")=A14)*ISNUMBER('RTO Log'!$A$8:$A$508)*'RTO Log'!H8:H508),0) -> 0 | E14: =IFERROR(SUMPRODUCT((TEXT('RTO Log'!$A$8:$A$508,"MMM YYYY")=A14)*ISNUMBER('RTO Log'!$A$8:$A$508)*'RTO Log'!K8:K508),0) -> 0 | F14: =IFERROR(SUMPRODUCT((TEXT('RTO Log'!$A$8:$A$508,"MMM YYYY")=A14)*ISNUMBER('RTO Log'!$A$8:$A$508)*'RTO Log'!N8:N508),0) -> 0 | G14: =IFERROR(SUMPRODUCT((TEXT('RTO Log'!$A$8:$A$508,"MMM YYYY")=A14)*ISNUMBER('RTO Log'!$A$8:$A$508)*'RTO Log'!Q8:Q508),0) -> 0 | H14: =IFERROR(SUMPRODUCT((TEXT('RTO Log'!$A$8:$A$508,"MMM YYYY")=A14)*ISNUMBER('RTO Log'!$A$8:$A$508)*'RTO Log'!T8:T508),0) -> 0 | I14: =IFERROR(SUMPRODUCT((TEXT('RTO Log'!$A$8:$A$508,"MMM YYYY")=A14)*ISNUMBER('RTO Log'!$A$8:$A$508)*'RTO Log'!W8:W508),0) -> 0 | J14: =IFERROR(SUMPRODUCT((TEXT('RTO Log'!$A$8:$A$508,"MMM YYYY")=A14)*ISNUMBER('RTO Log'!$A$8:$A$508)*'RTO Log'!Z8:Z508),0) -> 0 | K14: =IFERROR(SUMPRODUCT((TEXT('RTO Log'!$A$8:$A$508,"MMM YYYY")=A14)*ISNUMBER('RTO Log'!$A$8:$A$508)*'RTO Log'!AC8:AC508),0) -> 0 | L14: =IFERROR(SUMPRODUCT((TEXT('RTO Log'!$A$8:$A$508,"MMM YYYY")=A14)*ISNUMBER('RTO Log'!$A$8:$A$508)*'RTO Log'!AF8:AF508),0) -> 0 | M14: =IFERROR(SUMPRODUCT((TEXT('RTO Log'!$A$8:$A$508,"MMM YYYY")=A14)*ISNUMBER('RTO Log'!$A$8:$A$508)*'RTO Log'!AI8:AI508),0) -> 0 | N14: =SUM(B14:M14) -> 0 | O14: =IFERROR(SUMPRODUCT((TEXT('RTO Log'!$A$8:$A$508,"MMM YYYY")=A14)*ISNUMBER('RTO Log'!$A$8:$A$508)*'RTO Log'!C8:C508),0)+IFERROR(SUMPRODUCT((TEXT('RTO Log'!$A$8:$A$508,"MMM YYYY")=A14)*ISNUMBER('rto log'))) -> #VALUE! | P14: =N14+O14 -> #VALUE! | Q14: =IFERROR(SUMPRODUCT((TEXT('Daily Dispatch'!$A$7:$A$506,"MMM YYYY")=A14)*ISNUMBER('Daily Dispatch'!$A$7:$A$506)*'Daily Dispatch'!B7:B506),0)+IFERROR(SUMPRODUCT((TEXT('Daily Dispatch'!$A$7:$A$506,"mmm yy)))))))))))))))))))) -> #VALUE! | R14: =IFERROR(IF(Q14=0,"—",TEXT(ROUND(P14/Q14*100,1),"0.0")&"%"),"—") -> — | S14: =IFERROR(IF(Q14=0,"—",TEXT(ROUND(O14/Q14*100,1),"0.0")&"%"),"—") -> —
A15: Dec 2025 | B15: =IFERROR(SUMPRODUCT((TEXT('RTO Log'!$A$8:$A$508,"MMM YYYY")=A15)*ISNUMBER('RTO Log'!$A$8:$A$508)*'RTO Log'!B8:B508),0) -> 0 | C15: =IFERROR(SUMPRODUCT((TEXT('RTO Log'!$A$8:$A$508,"MMM YYYY")=A15)*ISNUMBER('RTO Log'!$A$8:$A$508)*'RTO Log'!E8:E508),0) -> 0 | D15: =IFERROR(SUMPRODUCT((TEXT('RTO Log'!$A$8:$A$508,"MMM YYYY")=A15)*ISNUMBER('RTO Log'!$A$8:$A$508)*'RTO Log'!H8:H508),0) -> 0 | E15: =IFERROR(SUMPRODUCT((TEXT('RTO Log'!$A$8:$A$508,"MMM YYYY")=A15)*ISNUMBER('RTO Log'!$A$8:$A$508)*'RTO Log'!K8:K508),0) -> 0 | F15: =IFERROR(SUMPRODUCT((TEXT('RTO Log'!$A$8:$A$508,"MMM YYYY")=A15)*ISNUMBER('RTO Log'!$A$8:$A$508)*'RTO Log'!N8:N508),0) -> 0 | G15: =IFERROR(SUMPRODUCT((TEXT('RTO Log'!$A$8:$A$508,"MMM YYYY")=A15)*ISNUMBER('RTO Log'!$A$8:$A$508)*'RTO Log'!Q8:Q508),0) -> 0 | H15: =IFERROR(SUMPRODUCT((TEXT('RTO Log'!$A$8:$A$508,"MMM YYYY")=A15)*ISNUMBER('RTO Log'!$A$8:$A$508)*'RTO Log'!T8:T508),0) -> 0 | I15: =IFERROR(SUMPRODUCT((TEXT('RTO Log'!$A$8:$A$508,"MMM YYYY")=A15)*ISNUMBER('RTO Log'!$A$8:$A$508)*'RTO Log'!W8:W508),0) -> 0 | J15: =IFERROR(SUMPRODUCT((TEXT('RTO Log'!$A$8:$A$508,"MMM YYYY")=A15)*ISNUMBER('RTO Log'!$A$8:$A$508)*'RTO Log'!Z8:Z508),0) -> 0 | K15: =IFERROR(SUMPRODUCT((TEXT('RTO Log'!$A$8:$A$508,"MMM YYYY")=A15)*ISNUMBER('RTO Log'!$A$8:$A$508)*'RTO Log'!AC8:AC508),0) -> 0 | L15: =IFERROR(SUMPRODUCT((TEXT('RTO Log'!$A$8:$A$508,"MMM YYYY")=A15)*ISNUMBER('RTO Log'!$A$8:$A$508)*'RTO Log'!AF8:AF508),0) -> 0 | M15: =IFERROR(SUMPRODUCT((TEXT('RTO Log'!$A$8:$A$508,"MMM YYYY")=A15)*ISNUMBER('RTO Log'!$A$8:$A$508)*'RTO Log'!AI8:AI508),0) -> 0 | N15: =SUM(B15:M15) -> 0 | O15: =IFERROR(SUMPRODUCT((TEXT('RTO Log'!$A$8:$A$508,"MMM YYYY")=A15)*ISNUMBER('RTO Log'!$A$8:$A$508)*'RTO Log'!C8:C508),0)+IFERROR(SUMPRODUCT((TEXT('RTO Log'!$A$8:$A$508,"MMM YYYY")=A15)*ISNUMBER('rto log'))) -> #VALUE! | P15: =N15+O15 -> #VALUE! | Q15: =IFERROR(SUMPRODUCT((TEXT('Daily Dispatch'!$A$7:$A$506,"MMM YYYY")=A15)*ISNUMBER('Daily Dispatch'!$A$7:$A$506)*'Daily Dispatch'!B7:B506),0)+IFERROR(SUMPRODUCT((TEXT('Daily Dispatch'!$A$7:$A$506,"mmm yy)))))))))))))))))))) -> #VALUE! | R15: =IFERROR(IF(Q15=0,"—",TEXT(ROUND(P15/Q15*100,1),"0.0")&"%"),"—") -> — | S15: =IFERROR(IF(Q15=0,"—",TEXT(ROUND(O15/Q15*100,1),"0.0")&"%"),"—") -> —
A16: Jan 2026 | B16: =IFERROR(SUMPRODUCT((TEXT('RTO Log'!$A$8:$A$508,"MMM YYYY")=A16)*ISNUMBER('RTO Log'!$A$8:$A$508)*'RTO Log'!B8:B508),0) -> 0 | C16: =IFERROR(SUMPRODUCT((TEXT('RTO Log'!$A$8:$A$508,"MMM YYYY")=A16)*ISNUMBER('RTO Log'!$A$8:$A$508)*'RTO Log'!E8:E508),0) -> 0 | D16: =IFERROR(SUMPRODUCT((TEXT('RTO Log'!$A$8:$A$508,"MMM YYYY")=A16)*ISNUMBER('RTO Log'!$A$8:$A$508)*'RTO Log'!H8:H508),0) -> 0 | E16: =IFERROR(SUMPRODUCT((TEXT('RTO Log'!$A$8:$A$508,"MMM YYYY")=A16)*ISNUMBER('RTO Log'!$A$8:$A$508)*'RTO Log'!K8:K508),0) -> 0 | F16: =IFERROR(SUMPRODUCT((TEXT('RTO Log'!$A$8:$A$508,"MMM YYYY")=A16)*ISNUMBER('RTO Log'!$A$8:$A$508)*'RTO Log'!N8:N508),0) -> 0 | G16: =IFERROR(SUMPRODUCT((TEXT('RTO Log'!$A$8:$A$508,"MMM YYYY")=A16)*ISNUMBER('RTO Log'!$A$8:$A$508)*'RTO Log'!Q8:Q508),0) -> 0 | H16: =IFERROR(SUMPRODUCT((TEXT('RTO Log'!$A$8:$A$508,"MMM YYYY")=A16)*ISNUMBER('RTO Log'!$A$8:$A$508)*'RTO Log'!T8:T508),0) -> 0 | I16: =IFERROR(SUMPRODUCT((TEXT('RTO Log'!$A$8:$A$508,"MMM YYYY")=A16)*ISNUMBER('RTO Log'!$A$8:$A$508)*'RTO Log'!W8:W508),0) -> 0 | J16: =IFERROR(SUMPRODUCT((TEXT('RTO Log'!$A$8:$A$508,"MMM YYYY")=A16)*ISNUMBER('RTO Log'!$A$8:$A$508)*'RTO Log'!Z8:Z508),0) -> 0 | K16: =IFERROR(SUMPRODUCT((TEXT('RTO Log'!$A$8:$A$508,"MMM YYYY")=A16)*ISNUMBER('RTO Log'!$A$8:$A$508)*'RTO Log'!AC8:AC508),0) -> 0 | L16: =IFERROR(SUMPRODUCT((TEXT('RTO Log'!$A$8:$A$508,"MMM YYYY")=A16)*ISNUMBER('RTO Log'!$A$8:$A$508)*'RTO Log'!AF8:AF508),0) -> 0 | M16: =IFERROR(SUMPRODUCT((TEXT('RTO Log'!$A$8:$A$508,"MMM YYYY")=A16)*ISNUMBER('RTO Log'!$A$8:$A$508)*'RTO Log'!AI8:AI508),0) -> 0 | N16: =SUM(B16:M16) -> 0 | O16: =IFERROR(SUMPRODUCT((TEXT('RTO Log'!$A$8:$A$508,"MMM YYYY")=A16)*ISNUMBER('RTO Log'!$A$8:$A$508)*'RTO Log'!C8:C508),0)+IFERROR(SUMPRODUCT((TEXT('RTO Log'!$A$8:$A$508,"MMM YYYY")=A16)*ISNUMBER('rto log'))) -> #VALUE! | P16: =N16+O16 -> #VALUE! | Q16: =IFERROR(SUMPRODUCT((TEXT('Daily Dispatch'!$A$7:$A$506,"MMM YYYY")=A16)*ISNUMBER('Daily Dispatch'!$A$7:$A$506)*'Daily Dispatch'!B7:B506),0)+IFERROR(SUMPRODUCT((TEXT('Daily Dispatch'!$A$7:$A$506,"mmm yy)))))))))))))))))))) -> #VALUE! | R16: =IFERROR(IF(Q16=0,"—",TEXT(ROUND(P16/Q16*100,1),"0.0")&"%"),"—") -> — | S16: =IFERROR(IF(Q16=0,"—",TEXT(ROUND(O16/Q16*100,1),"0.0")&"%"),"—") -> —
A17: Feb 2026 | B17: =IFERROR(SUMPRODUCT((TEXT('RTO Log'!$A$8:$A$508,"MMM YYYY")=A17)*ISNUMBER('RTO Log'!$A$8:$A$508)*'RTO Log'!B8:B508),0) -> 0 | C17: =IFERROR(SUMPRODUCT((TEXT('RTO Log'!$A$8:$A$508,"MMM YYYY")=A17)*ISNUMBER('RTO Log'!$A$8:$A$508)*'RTO Log'!E8:E508),0) -> 0 | D17: =IFERROR(SUMPRODUCT((TEXT('RTO Log'!$A$8:$A$508,"MMM YYYY")=A17)*ISNUMBER('RTO Log'!$A$8:$A$508)*'RTO Log'!H8:H508),0) -> 0 | E17: =IFERROR(SUMPRODUCT((TEXT('RTO Log'!$A$8:$A$508,"MMM YYYY")=A17)*ISNUMBER('RTO Log'!$A$8:$A$508)*'RTO Log'!K8:K508),0) -> 0 | F17: =IFERROR(SUMPRODUCT((TEXT('RTO Log'!$A$8:$A$508,"MMM YYYY")=A17)*ISNUMBER('RTO Log'!$A$8:$A$508)*'RTO Log'!N8:N508),0) -> 0 | G17: =IFERROR(SUMPRODUCT((TEXT('RTO Log'!$A$8:$A$508,"MMM YYYY")=A17)*ISNUMBER('RTO Log'!$A$8:$A$508)*'RTO Log'!Q8:Q508),0) -> 0 | H17: =IFERROR(SUMPRODUCT((TEXT('RTO Log'!$A$8:$A$508,"MMM YYYY")=A17)*ISNUMBER('RTO Log'!$A$8:$A$508)*'RTO Log'!T8:T508),0) -> 0 | I17: =IFERROR(SUMPRODUCT((TEXT('RTO Log'!$A$8:$A$508,"MMM YYYY")=A17)*ISNUMBER('RTO Log'!$A$8:$A$508)*'RTO Log'!W8:W508),0) -> 0 | J17: =IFERROR(SUMPRODUCT((TEXT('RTO Log'!$A$8:$A$508,"MMM YYYY")=A17)*ISNUMBER('RTO Log'!$A$8:$A$508)*'RTO Log'!Z8:Z508),0) -> 0 | K17: =IFERROR(SUMPRODUCT((TEXT('RTO Log'!$A$8:$A$508,"MMM YYYY")=A17)*ISNUMBER('RTO Log'!$A$8:$A$508)*'RTO Log'!AC8:AC508),0) -> 0 | L17: =IFERROR(SUMPRODUCT((TEXT('RTO Log'!$A$8:$A$508,"MMM YYYY")=A17)*ISNUMBER('RTO Log'!$A$8:$A$508)*'RTO Log'!AF8:AF508),0) -> 0 | M17: =IFERROR(SUMPRODUCT((TEXT('RTO Log'!$A$8:$A$508,"MMM YYYY")=A17)*ISNUMBER('RTO Log'!$A$8:$A$508)*'RTO Log'!AI8:AI508),0) -> 0 | N17: =SUM(B17:M17) -> 0 | O17: =IFERROR(SUMPRODUCT((TEXT('RTO Log'!$A$8:$A$508,"MMM YYYY")=A17)*ISNUMBER('RTO Log'!$A$8:$A$508)*'RTO Log'!C8:C508),0)+IFERROR(SUMPRODUCT((TEXT('RTO Log'!$A$8:$A$508,"MMM YYYY")=A17)*ISNUMBER('rto log'))) -> #VALUE! | P17: =N17+O17 -> #VALUE! | Q17: =IFERROR(SUMPRODUCT((TEXT('Daily Dispatch'!$A$7:$A$506,"MMM YYYY")=A17)*ISNUMBER('Daily Dispatch'!$A$7:$A$506)*'Daily Dispatch'!B7:B506),0)+IFERROR(SUMPRODUCT((TEXT('Daily Dispatch'!$A$7:$A$506,"mmm yy)))))))))))))))))))) -> #VALUE! | R17: =IFERROR(IF(Q17=0,"—",TEXT(ROUND(P17/Q17*100,1),"0.0")&"%"),"—") -> — | S17: =IFERROR(IF(Q17=0,"—",TEXT(ROUND(O17/Q17*100,1),"0.0")&"%"),"—") -> —
A18: Mar 2026 | B18: =IFERROR(SUMPRODUCT((TEXT('RTO Log'!$A$8:$A$508,"MMM YYYY")=A18)*ISNUMBER('RTO Log'!$A$8:$A$508)*'RTO Log'!B8:B508),0) -> 0 | C18: =IFERROR(SUMPRODUCT((TEXT('RTO Log'!$A$8:$A$508,"MMM YYYY")=A18)*ISNUMBER('RTO Log'!$A$8:$A$508)*'RTO Log'!E8:E508),0) -> 0 | D18: =IFERROR(SUMPRODUCT((TEXT('RTO Log'!$A$8:$A$508,"MMM YYYY")=A18)*ISNUMBER('RTO Log'!$A$8:$A$508)*'RTO Log'!H8:H508),0) -> 0 | E18: =IFERROR(SUMPRODUCT((TEXT('RTO Log'!$A$8:$A$508,"MMM YYYY")=A18)*ISNUMBER('RTO Log'!$A$8:$A$508)*'RTO Log'!K8:K508),0) -> 0 | F18: =IFERROR(SUMPRODUCT((TEXT('RTO Log'!$A$8:$A$508,"MMM YYYY")=A18)*ISNUMBER('RTO Log'!$A$8:$A$508)*'RTO Log'!N8:N508),0) -> 0 | G18: =IFERROR(SUMPRODUCT((TEXT('RTO Log'!$A$8:$A$508,"MMM YYYY")=A18)*ISNUMBER('RTO Log'!$A$8:$A$508)*'RTO Log'!Q8:Q508),0) -> 0 | H18: =IFERROR(SUMPRODUCT((TEXT('RTO Log'!$A$8:$A$508,"MMM YYYY")=A18)*ISNUMBER('RTO Log'!$A$8:$A$508)*'RTO Log'!T8:T508),0) -> 0 | I18: =IFERROR(SUMPRODUCT((TEXT('RTO Log'!$A$8:$A$508,"MMM YYYY")=A18)*ISNUMBER('RTO Log'!$A$8:$A$508)*'RTO Log'!W8:W508),0) -> 0 | J18: =IFERROR(SUMPRODUCT((TEXT('RTO Log'!$A$8:$A$508,"MMM YYYY")=A18)*ISNUMBER('RTO Log'!$A$8:$A$508)*'RTO Log'!Z8:Z508),0) -> 0 | K18: =IFERROR(SUMPRODUCT((TEXT('RTO Log'!$A$8:$A$508,"MMM YYYY")=A18)*ISNUMBER('RTO Log'!$A$8:$A$508)*'RTO Log'!AC8:AC508),0) -> 0 | L18: =IFERROR(SUMPRODUCT((TEXT('RTO Log'!$A$8:$A$508,"MMM YYYY")=A18)*ISNUMBER('RTO Log'!$A$8:$A$508)*'RTO Log'!AF8:AF508),0) -> 0 | M18: =IFERROR(SUMPRODUCT((TEXT('RTO Log'!$A$8:$A$508,"MMM YYYY")=A18)*ISNUMBER('RTO Log'!$A$8:$A$508)*'RTO Log'!AI8:AI508),0) -> 0 | N18: =SUM(B18:M18) -> 0 | O18: =IFERROR(SUMPRODUCT((TEXT('RTO Log'!$A$8:$A$508,"MMM YYYY")=A18)*ISNUMBER('RTO Log'!$A$8:$A$508)*'RTO Log'!C8:C508),0)+IFERROR(SUMPRODUCT((TEXT('RTO Log'!$A$8:$A$508,"MMM YYYY")=A18)*ISNUMBER('rto log'))) -> #VALUE! | P18: =N18+O18 -> #VALUE! | Q18: =IFERROR(SUMPRODUCT((TEXT('Daily Dispatch'!$A$7:$A$506,"MMM YYYY")=A18)*ISNUMBER('Daily Dispatch'!$A$7:$A$506)*'Daily Dispatch'!B7:B506),0)+IFERROR(SUMPRODUCT((TEXT('Daily Dispatch'!$A$7:$A$506,"mmm yy)))))))))))))))))))) -> #VALUE! | R18: =IFERROR(IF(Q18=0,"—",TEXT(ROUND(P18/Q18*100,1),"0.0")&"%"),"—") -> — | S18: =IFERROR(IF(Q18=0,"—",TEXT(ROUND(O18/Q18*100,1),"0.0")&"%"),"—") -> —
A19: Apr 2026 | B19: =IFERROR(SUMPRODUCT((TEXT('RTO Log'!$A$8:$A$508,"MMM YYYY")=A19)*ISNUMBER('RTO Log'!$A$8:$A$508)*'RTO Log'!B8:B508),0) -> 0 | C19: =IFERROR(SUMPRODUCT((TEXT('RTO Log'!$A$8:$A$508,"MMM YYYY")=A19)*ISNUMBER('RTO Log'!$A$8:$A$508)*'RTO Log'!E8:E508),0) -> 0 | D19: =IFERROR(SUMPRODUCT((TEXT('RTO Log'!$A$8:$A$508,"MMM YYYY")=A19)*ISNUMBER('RTO Log'!$A$8:$A$508)*'RTO Log'!H8:H508),0) -> 0 | E19: =IFERROR(SUMPRODUCT((TEXT('RTO Log'!$A$8:$A$508,"MMM YYYY")=A19)*ISNUMBER('RTO Log'!$A$8:$A$508)*'RTO Log'!K8:K508),0) -> 0 | F19: =IFERROR(SUMPRODUCT((TEXT('RTO Log'!$A$8:$A$508,"MMM YYYY")=A19)*ISNUMBER('RTO Log'!$A$8:$A$508)*'RTO Log'!N8:N508),0) -> 0 | G19: =IFERROR(SUMPRODUCT((TEXT('RTO Log'!$A$8:$A$508,"MMM YYYY")=A19)*ISNUMBER('RTO Log'!$A$8:$A$508)*'RTO Log'!Q8:Q508),0) -> 0 | H19: =IFERROR(SUMPRODUCT((TEXT('RTO Log'!$A$8:$A$508,"MMM YYYY")=A19)*ISNUMBER('RTO Log'!$A$8:$A$508)*'RTO Log'!T8:T508),0) -> 0 | I19: =IFERROR(SUMPRODUCT((TEXT('RTO Log'!$A$8:$A$508,"MMM YYYY")=A19)*ISNUMBER('RTO Log'!$A$8:$A$508)*'RTO Log'!W8:W508),0) -> 0 | J19: =IFERROR(SUMPRODUCT((TEXT('RTO Log'!$A$8:$A$508,"MMM YYYY")=A19)*ISNUMBER('RTO Log'!$A$8:$A$508)*'RTO Log'!Z8:Z508),0) -> 0 | K19: =IFERROR(SUMPRODUCT((TEXT('RTO Log'!$A$8:$A$508,"MMM YYYY")=A19)*ISNUMBER('RTO Log'!$A$8:$A$508)*'RTO Log'!AC8:AC508),0) -> 0 | L19: =IFERROR(SUMPRODUCT((TEXT('RTO Log'!$A$8:$A$508,"MMM YYYY")=A19)*ISNUMBER('RTO Log'!$A$8:$A$508)*'RTO Log'!AF8:AF508),0) -> 0 | M19: =IFERROR(SUMPRODUCT((TEXT('RTO Log'!$A$8:$A$508,"MMM YYYY")=A19)*ISNUMBER('RTO Log'!$A$8:$A$508)*'RTO Log'!AI8:AI508),0) -> 0 | N19: =SUM(B19:M19) -> 0 | O19: =IFERROR(SUMPRODUCT((TEXT('RTO Log'!$A$8:$A$508,"MMM YYYY")=A19)*ISNUMBER('RTO Log'!$A$8:$A$508)*'RTO Log'!C8:C508),0)+IFERROR(SUMPRODUCT((TEXT('RTO Log'!$A$8:$A$508,"MMM YYYY")=A19)*ISNUMBER('rto log'))) -> #VALUE! | P19: =N19+O19 -> #VALUE! | Q19: =IFERROR(SUMPRODUCT((TEXT('Daily Dispatch'!$A$7:$A$506,"MMM YYYY")=A19)*ISNUMBER('Daily Dispatch'!$A$7:$A$506)*'Daily Dispatch'!B7:B506),0)+IFERROR(SUMPRODUCT((TEXT('Daily Dispatch'!$A$7:$A$506,"mmm yy)))))))))))))))))))) -> #VALUE! | R19: =IFERROR(IF(Q19=0,"—",TEXT(ROUND(P19/Q19*100,1),"0.0")&"%"),"—") -> — | S19: =IFERROR(IF(Q19=0,"—",TEXT(ROUND(O19/Q19*100,1),"0.0")&"%"),"—") -> —
A20: May 2026 | B20: =IFERROR(SUMPRODUCT((TEXT('RTO Log'!$A$8:$A$508,"MMM YYYY")=A20)*ISNUMBER('RTO Log'!$A$8:$A$508)*'RTO Log'!B8:B508),0) -> 0 | C20: =IFERROR(SUMPRODUCT((TEXT('RTO Log'!$A$8:$A$508,"MMM YYYY")=A20)*ISNUMBER('RTO Log'!$A$8:$A$508)*'RTO Log'!E8:E508),0) -> 0 | D20: =IFERROR(SUMPRODUCT((TEXT('RTO Log'!$A$8:$A$508,"MMM YYYY")=A20)*ISNUMBER('RTO Log'!$A$8:$A$508)*'RTO Log'!H8:H508),0) -> 0 | E20: =IFERROR(SUMPRODUCT((TEXT('RTO Log'!$A$8:$A$508,"MMM YYYY")=A20)*ISNUMBER('RTO Log'!$A$8:$A$508)*'RTO Log'!K8:K508),0) -> 0 | F20: =IFERROR(SUMPRODUCT((TEXT('RTO Log'!$A$8:$A$508,"MMM YYYY")=A20)*ISNUMBER('RTO Log'!$A$8:$A$508)*'RTO Log'!N8:N508),0) -> 0 | G20: =IFERROR(SUMPRODUCT((TEXT('RTO Log'!$A$8:$A$508,"MMM YYYY")=A20)*ISNUMBER('RTO Log'!$A$8:$A$508)*'RTO Log'!Q8:Q508),0) -> 0 | H20: =IFERROR(SUMPRODUCT((TEXT('RTO Log'!$A$8:$A$508,"MMM YYYY")=A20)*ISNUMBER('RTO Log'!$A$8:$A$508)*'RTO Log'!T8:T508),0) -> 0 | I20: =IFERROR(SUMPRODUCT((TEXT('RTO Log'!$A$8:$A$508,"MMM YYYY")=A20)*ISNUMBER('RTO Log'!$A$8:$A$508)*'RTO Log'!W8:W508),0) -> 0 | J20: =IFERROR(SUMPRODUCT((TEXT('RTO Log'!$A$8:$A$508,"MMM YYYY")=A20)*ISNUMBER('RTO Log'!$A$8:$A$508)*'RTO Log'!Z8:Z508),0) -> 0 | K20: =IFERROR(SUMPRODUCT((TEXT('RTO Log'!$A$8:$A$508,"MMM YYYY")=A20)*ISNUMBER('RTO Log'!$A$8:$A$508)*'RTO Log'!AC8:AC508),0) -> 0 | L20: =IFERROR(SUMPRODUCT((TEXT('RTO Log'!$A$8:$A$508,"MMM YYYY")=A20)*ISNUMBER('RTO Log'!$A$8:$A$508)*'RTO Log'!AF8:AF508),0) -> 0 | M20: =IFERROR(SUMPRODUCT((TEXT('RTO Log'!$A$8:$A$508,"MMM YYYY")=A20)*ISNUMBER('RTO Log'!$A$8:$A$508)*'RTO Log'!AI8:AI508),0) -> 0 | N20: =SUM(B20:M20) -> 0 | O20: =IFERROR(SUMPRODUCT((TEXT('RTO Log'!$A$8:$A$508,"MMM YYYY")=A20)*ISNUMBER('RTO Log'!$A$8:$A$508)*'RTO Log'!C8:C508),0)+IFERROR(SUMPRODUCT((TEXT('RTO Log'!$A$8:$A$508,"MMM YYYY")=A20)*ISNUMBER('rto log'))) -> #VALUE! | P20: =N20+O20 -> #VALUE! | Q20: =IFERROR(SUMPRODUCT((TEXT('Daily Dispatch'!$A$7:$A$506,"MMM YYYY")=A20)*ISNUMBER('Daily Dispatch'!$A$7:$A$506)*'Daily Dispatch'!B7:B506),0)+IFERROR(SUMPRODUCT((TEXT('Daily Dispatch'!$A$7:$A$506,"mmm yy)))))))))))))))))))) -> #VALUE! | R20: =IFERROR(IF(Q20=0,"—",TEXT(ROUND(P20/Q20*100,1),"0.0")&"%"),"—") -> — | S20: =IFERROR(IF(Q20=0,"—",TEXT(ROUND(O20/Q20*100,1),"0.0")&"%"),"—") -> —
A21: Jun 2026 | B21: =IFERROR(SUMPRODUCT((TEXT('RTO Log'!$A$8:$A$508,"MMM YYYY")=A21)*ISNUMBER('RTO Log'!$A$8:$A$508)*'RTO Log'!B8:B508),0) -> 0 | C21: =IFERROR(SUMPRODUCT((TEXT('RTO Log'!$A$8:$A$508,"MMM YYYY")=A21)*ISNUMBER('RTO Log'!$A$8:$A$508)*'RTO Log'!E8:E508),0) -> 0 | D21: =IFERROR(SUMPRODUCT((TEXT('RTO Log'!$A$8:$A$508,"MMM YYYY")=A21)*ISNUMBER('RTO Log'!$A$8:$A$508)*'RTO Log'!H8:H508),0) -> 0 | E21: =IFERROR(SUMPRODUCT((TEXT('RTO Log'!$A$8:$A$508,"MMM YYYY")=A21)*ISNUMBER('RTO Log'!$A$8:$A$508)*'RTO Log'!K8:K508),0) -> 0 | F21: =IFERROR(SUMPRODUCT((TEXT('RTO Log'!$A$8:$A$508,"MMM YYYY")=A21)*ISNUMBER('RTO Log'!$A$8:$A$508)*'RTO Log'!N8:N508),0) -> 0 | G21: =IFERROR(SUMPRODUCT((TEXT('RTO Log'!$A$8:$A$508,"MMM YYYY")=A21)*ISNUMBER('RTO Log'!$A$8:$A$508)*'RTO Log'!Q8:Q508),0) -> 0 | H21: =IFERROR(SUMPRODUCT((TEXT('RTO Log'!$A$8:$A$508,"MMM YYYY")=A21)*ISNUMBER('RTO Log'!$A$8:$A$508)*'RTO Log'!T8:T508),0) -> 0 | I21: =IFERROR(SUMPRODUCT((TEXT('RTO Log'!$A$8:$A$508,"MMM YYYY")=A21)*ISNUMBER('RTO Log'!$A$8:$A$508)*'RTO Log'!W8:W508),0) -> 0 | J21: =IFERROR(SUMPRODUCT((TEXT('RTO Log'!$A$8:$A$508,"MMM YYYY")=A21)*ISNUMBER('RTO Log'!$A$8:$A$508)*'RTO Log'!Z8:Z508),0) -> 0 | K21: =IFERROR(SUMPRODUCT((TEXT('RTO Log'!$A$8:$A$508,"MMM YYYY")=A21)*ISNUMBER('RTO Log'!$A$8:$A$508)*'RTO Log'!AC8:AC508),0) -> 0 | L21: =IFERROR(SUMPRODUCT((TEXT('RTO Log'!$A$8:$A$508,"MMM YYYY")=A21)*ISNUMBER('RTO Log'!$A$8:$A$508)*'RTO Log'!AF8:AF508),0) -> 0 | M21: =IFERROR(SUMPRODUCT((TEXT('RTO Log'!$A$8:$A$508,"MMM YYYY")=A21)*ISNUMBER('RTO Log'!$A$8:$A$508)*'RTO Log'!AI8:AI508),0) -> 0 | N21: =SUM(B21:M21) -> 0 | O21: =IFERROR(SUMPRODUCT((TEXT('RTO Log'!$A$8:$A$508,"MMM YYYY")=A21)*ISNUMBER('RTO Log'!$A$8:$A$508)*'RTO Log'!C8:C508),0)+IFERROR(SUMPRODUCT((TEXT('RTO Log'!$A$8:$A$508,"MMM YYYY")=A21)*ISNUMBER('rto log'))) -> #VALUE! | P21: =N21+O21 -> #VALUE! | Q21: =IFERROR(SUMPRODUCT((TEXT('Daily Dispatch'!$A$7:$A$506,"MMM YYYY")=A21)*ISNUMBER('Daily Dispatch'!$A$7:$A$506)*'Daily Dispatch'!B7:B506),0)+IFERROR(SUMPRODUCT((TEXT('Daily Dispatch'!$A$7:$A$506,"mmm yy)))))))))))))))))))) -> #VALUE! | R21: =IFERROR(IF(Q21=0,"—",TEXT(ROUND(P21/Q21*100,1),"0.0")&"%"),"—") -> — | S21: =IFERROR(IF(Q21=0,"—",TEXT(ROUND(O21/Q21*100,1),"0.0")&"%"),"—") -> —
A22: Jul 2026 | B22: =IFERROR(SUMPRODUCT((TEXT('RTO Log'!$A$8:$A$508,"MMM YYYY")=A22)*ISNUMBER('RTO Log'!$A$8:$A$508)*'RTO Log'!B8:B508),0) -> 0 | C22: =IFERROR(SUMPRODUCT((TEXT('RTO Log'!$A$8:$A$508,"MMM YYYY")=A22)*ISNUMBER('RTO Log'!$A$8:$A$508)*'RTO Log'!E8:E508),0) -> 0 | D22: =IFERROR(SUMPRODUCT((TEXT('RTO Log'!$A$8:$A$508,"MMM YYYY")=A22)*ISNUMBER('RTO Log'!$A$8:$A$508)*'RTO Log'!H8:H508),0) -> 0 | E22: =IFERROR(SUMPRODUCT((TEXT('RTO Log'!$A$8:$A$508,"MMM YYYY")=A22)*ISNUMBER('RTO Log'!$A$8:$A$508)*'RTO Log'!K8:K508),0) -> 0 | F22: =IFERROR(SUMPRODUCT((TEXT('RTO Log'!$A$8:$A$508,"MMM YYYY")=A22)*ISNUMBER('RTO Log'!$A$8:$A$508)*'RTO Log'!N8:N508),0) -> 0 | G22: =IFERROR(SUMPRODUCT((TEXT('RTO Log'!$A$8:$A$508,"MMM YYYY")=A22)*ISNUMBER('RTO Log'!$A$8:$A$508)*'RTO Log'!Q8:Q508),0) -> 0 | H22: =IFERROR(SUMPRODUCT((TEXT('RTO Log'!$A$8:$A$508,"MMM YYYY")=A22)*ISNUMBER('RTO Log'!$A$8:$A$508)*'RTO Log'!T8:T508),0) -> 0 | I22: =IFERROR(SUMPRODUCT((TEXT('RTO Log'!$A$8:$A$508,"MMM YYYY")=A22)*ISNUMBER('RTO Log'!$A$8:$A$508)*'RTO Log'!W8:W508),0) -> 0 | J22: =IFERROR(SUMPRODUCT((TEXT('RTO Log'!$A$8:$A$508,"MMM YYYY")=A22)*ISNUMBER('RTO Log'!$A$8:$A$508)*'RTO Log'!Z8:Z508),0) -> 0 | K22: =IFERROR(SUMPRODUCT((TEXT('RTO Log'!$A$8:$A$508,"MMM YYYY")=A22)*ISNUMBER('RTO Log'!$A$8:$A$508)*'RTO Log'!AC8:AC508),0) -> 0 | L22: =IFERROR(SUMPRODUCT((TEXT('RTO Log'!$A$8:$A$508,"MMM YYYY")=A22)*ISNUMBER('RTO Log'!$A$8:$A$508)*'RTO Log'!AF8:AF508),0) -> 0 | M22: =IFERROR(SUMPRODUCT((TEXT('RTO Log'!$A$8:$A$508,"MMM YYYY")=A22)*ISNUMBER('RTO Log'!$A$8:$A$508)*'RTO Log'!AI8:AI508),0) -> 0 | N22: =SUM(B22:M22) -> 0 | O22: =IFERROR(SUMPRODUCT((TEXT('RTO Log'!$A$8:$A$508,"MMM YYYY")=A22)*ISNUMBER('RTO Log'!$A$8:$A$508)*'RTO Log'!C8:C508),0)+IFERROR(SUMPRODUCT((TEXT('RTO Log'!$A$8:$A$508,"MMM YYYY")=A22)*ISNUMBER('rto log'))) -> #VALUE! | P22: =N22+O22 -> #VALUE! | Q22: =IFERROR(SUMPRODUCT((TEXT('Daily Dispatch'!$A$7:$A$506,"MMM YYYY")=A22)*ISNUMBER('Daily Dispatch'!$A$7:$A$506)*'Daily Dispatch'!B7:B506),0)+IFERROR(SUMPRODUCT((TEXT('Daily Dispatch'!$A$7:$A$506,"mmm yy)))))))))))))))))))) -> #VALUE! | R22: =IFERROR(IF(Q22=0,"—",TEXT(ROUND(P22/Q22*100,1),"0.0")&"%"),"—") -> — | S22: =IFERROR(IF(Q22=0,"—",TEXT(ROUND(O22/Q22*100,1),"0.0")&"%"),"—") -> —
A26: © 2026 MeDa Partners Pvt Ltd · Systems by MeDa Partners · Brand: Wayveda® · www.meda.partners · Dream. Deliver. Dominate.

Sheet Inward Analysis
A1: ✦ MeDa Partners | Dream · Deliver · Dominate Wayveda — Inward Analysis | Warehouse Ops
A3: ⚠ Systems by MeDa Partners Pvt Ltd (www.meda.partners) | Brand: Wayveda® | Confidential & Proprietary
A4: Daily Summary | F4: Weekly Summary | J4: Monthly Summary
A6: Date / Period | B6: Bum Plumping Cre | C6: Intimate Whiteni | D6: Chocolate Power | E6: Strawberry Power | F6: Bhasam Power Cap | G6: Power Shots Sach | H6: Hairfall Control | I6: Hairfall Control | J6: Hairfall Control | K6: Anti-Hairfall Ki | L6: Power Roll Oil U | M6: Power Shot Oil | N6: TOTAL
A7: ▼ DAILY — Col A mein date daalo, quantities auto-populate hongi
B8: =IF(A8="","",IFERROR(SUMIF('Stock In'!$A:$A,A8,'Stock In'!F:F),0)) | C8: =IF(A8="","",IFERROR(SUMIF('Stock In'!$A:$A,A8,'Stock In'!I:I),0)) | D8: =IF(A8="","",IFERROR(SUMIF('Stock In'!$A:$A,A8,'Stock In'!L:L),0)) | E8: =IF(A8="","",IFERROR(SUMIF('Stock In'!$A:$A,A8,'Stock In'!O:O),0)) | F8: =IF(A8="","",IFERROR(SUMIF('Stock In'!$A:$A,A8,'Stock In'!R:R),0)) | G8: =IF(A8="","",IFERROR(SUMIF('Stock In'!$A:$A,A8,'Stock In'!U:U),0)) | H8: =IF(A8="","",IFERROR(SUMIF('Stock In'!$A:$A,A8,'Stock In'!X:X),0)) | I8: =IF(A8="","",IFERROR(SUMIF('Stock In'!$A:$A,A8,'Stock In'!AA:AA),0)) | J8: =IF(A8="","",IFERROR(SUMIF('Stock In'!$A:$A,A8,'Stock In'!AD:AD),0)) | K8: =IF(A8="","",IFERROR(SUMIF('Stock In'!$A:$A,A8,'Stock In'!AG:AG),0)) | L8: =IF(A8="","",IFERROR(SUMIF('Stock In'!$A:$A,A8,'Stock In'!AJ:AJ),0)) | M8: =IF(A8="","",IFERROR(SUMIF('Stock In'!$A:$A,A8,'Stock In'!AM:AM),0)) | N8: =IF(A8="","",SUM(B8:M8))
B9: =IF(A9="","",IFERROR(SUMIF('Stock In'!$A:$A,A9,'Stock In'!F:F),0)) | C9: =IF(A9="","",IFERROR(SUMIF('Stock In'!$A:$A,A9,'Stock In'!I:I),0)) | D9: =IF(A9="","",IFERROR(SUMIF('Stock In'!$A:$A,A9,'Stock In'!L:L),0)) | E9: =IF(A9="","",IFERROR(SUMIF('Stock In'!$A:$A,A9,'Stock In'!O:O),0)) | F9: =IF(A9="","",IFERROR(SUMIF('Stock In'!$A:$A,A9,'Stock In'!R:R),0)) | G9: =IF(A9="","",IFERROR(SUMIF('Stock In'!$A:$A,A9,'Stock In'!U:U),0)) | H9: =IF(A9="","",IFERROR(SUMIF('Stock In'!$A:$A,A9,'Stock In'!X:X),0)) | I9: =IF(A9="","",IFERROR(SUMIF('Stock In'!$A:$A,A9,'Stock In'!AA:AA),0)) | J9: =IF(A9="","",IFERROR(SUMIF('Stock In'!$A:$A,A9,'Stock In'!AD:AD),0)) | K9: =IF(A9="","",IFERROR(SUMIF('Stock In'!$A:$A,A9,'Stock In'!AG:AG),0)) | L9: =IF(A9="","",IFERROR(SUMIF('Stock In'!$A:$A,A9,'Stock In'!AJ:AJ),0)) | M9: =IF(A9="","",IFERROR(SUMIF('Stock In'!$A:$A,A9,'Stock In'!AM:AM),0)) | N9: =IF(A9="","",SUM(B9:M9))
B10: =IF(A10="","",IFERROR(SUMIF('Stock In'!$A:$A,A10,'Stock In'!F:F),0)) | C10: =IF(A10="","",IFERROR(SUMIF('Stock In'!$A:$A,A10,'Stock In'!I:I),0)) | D10: =IF(A10="","",IFERROR(SUMIF('Stock In'!$A:$A,A10,'Stock In'!L:L),0)) | E10: =IF(A10="","",IFERROR(SUMIF('Stock In'!$A:$A,A10,'Stock In'!O:O),0)) | F10: =IF(A10="","",IFERROR(SUMIF('Stock In'!$A:$A,A10,'Stock In'!R:R),0)) | G10: =IF(A10="","",IFERROR(SUMIF('Stock In'!$A:$A,A10,'Stock In'!U:U),0)) | H10: =IF(A10="","",IFERROR(SUMIF('Stock In'!$A:$A,A10,'Stock In'!X:X),0)) | I10: =IF(A10="","",IFERROR(SUMIF('Stock In'!$A:$A,A10,'Stock In'!AA:AA),0)) | J10: =IF(A10="","",IFERROR(SUMIF('Stock In'!$A:$A,A10,'Stock In'!AD:AD),0)) | K10: =IF(A10="","",IFERROR(SUMIF('Stock In'!$A:$A,A10,'Stock In'!AG:AG),0)) | L10: =IF(A10="","",IFERROR(SUMIF('Stock In'!$A:$A,A10,'Stock In'!AJ:AJ),0)) | M10: =IF(A10="","",IFERROR(SUMIF('Stock In'!$A:$A,A10,'Stock In'!AM:AM),0)) | N10: =IF(A10="","",SUM(B10:M10))
B11: =IF(A11="","",IFERROR(SUMIF('Stock In'!$A:$A,A11,'Stock In'!F:F),0)) | C11: =IF(A11="","",IFERROR(SUMIF('Stock In'!$A:$A,A11,'Stock In'!I:I),0)) | D11: =IF(A11="","",IFERROR(SUMIF('Stock In'!$A:$A,A11,'Stock In'!L:L),0)) | E11: =IF(A11="","",IFERROR(SUMIF('Stock In'!$A:$A,A11,'Stock In'!O:O),0)) | F11: =IF(A11="","",IFERROR(SUMIF('Stock In'!$A:$A,A11,'Stock In'!R:R),0)) | G11: =IF(A11="","",IFERROR(SUMIF('Stock In'!$A:$A,A11,'Stock In'!U:U),0)) | H11: =IF(A11="","",IFERROR(SUMIF('Stock In'!$A:$A,A11,'Stock In'!X:X),0)) | I11: =IF(A11="","",IFERROR(SUMIF('Stock In'!$A:$A,A11,'Stock In'!AA:AA),0)) | J11: =IF(A11="","",IFERROR(SUMIF('Stock In'!$A:$A,A11,'Stock In'!AD:AD),0)) | K11: =IF(A11="","",IFERROR(SUMIF('Stock In'!$A:$A,A11,'Stock In'!AG:AG),0)) | L11: =IF(A11="","",IFERROR(SUMIF('Stock In'!$A:$A,A11,'Stock In'!AJ:AJ),0)) | M11: =IF(A11="","",IFERROR(SUMIF('Stock In'!$A:$A,A11,'Stock In'!AM:AM),0)) | N11: =IF(A11="","",SUM(B11:M11))
B12: =IF(A12="","",IFERROR(SUMIF('Stock In'!$A:$A,A12,'Stock In'!F:F),0)) | C12: =IF(A12="","",IFERROR(SUMIF('Stock In'!$A:$A,A12,'Stock In'!I:I),0)) | D12: =IF(A12="","",IFERROR(SUMIF('Stock In'!$A:$A,A12,'Stock In'!L:L),0)) | E12: =IF(A12="","",IFERROR(SUMIF('Stock In'!$A:$A,A12,'Stock In'!O:O),0)) | F12: =IF(A12="","",IFERROR(SUMIF('Stock In'!$A:$A,A12,'Stock In'!R:R),0)) | G12: =IF(A12="","",IFERROR(SUMIF('Stock In'!$A:$A,A12,'Stock In'!U:U),0)) | H12: =IF(A12="","",IFERROR(SUMIF('Stock In'!$A:$A,A12,'Stock In'!X:X),0)) | I12: =IF(A12="","",IFERROR(SUMIF('Stock In'!$A:$A,A12,'Stock In'!AA:AA),0)) | J12: =IF(A12="","",IFERROR(SUMIF('Stock In'!$A:$A,A12,'Stock In'!AD:AD),0)) | K12: =IF(A12="","",IFERROR(SUMIF('Stock In'!$A:$A,A12,'Stock In'!AG:AG),0)) | L12: =IF(A12="","",IFERROR(SUMIF('Stock In'!$A:$A,A12,'Stock In'!AJ:AJ),0)) | M12: =IF(A12="","",IFERROR(SUMIF('Stock In'!$A:$A,A12,'Stock In'!AM:AM),0)) | N12: =IF(A12="","",SUM(B12:M12))
B13: =IF(A13="","",IFERROR(SUMIF('Stock In'!$A:$A,A13,'Stock In'!F:F),0)) | C13: =IF(A13="","",IFERROR(SUMIF('Stock In'!$A:$A,A13,'Stock In'!I:I),0)) | D13: =IF(A13="","",IFERROR(SUMIF('Stock In'!$A:$A,A13,'Stock In'!L:L),0)) | E13: =IF(A13="","",IFERROR(SUMIF('Stock In'!$A:$A,A13,'Stock In'!O:O),0)) | F13: =IF(A13="","",IFERROR(SUMIF('Stock In'!$A:$A,A13,'Stock In'!R:R),0)) | G13: =IF(A13="","",IFERROR(SUMIF('Stock In'!$A:$A,A13,'Stock In'!U:U),0)) | H13: =IF(A13="","",IFERROR(SUMIF('Stock In'!$A:$A,A13,'Stock In'!X:X),0)) | I13: =IF(A13="","",IFERROR(SUMIF('Stock In'!$A:$A,A13,'Stock In'!AA:AA),0)) | J13: =IF(A13="","",IFERROR(SUMIF('Stock In'!$A:$A,A13,'Stock In'!AD:AD),0)) | K13: =IF(A13="","",IFERROR(SUMIF('Stock In'!$A:$A,A13,'Stock In'!AG:AG),0)) | L13: =IF(A13="","",IFERROR(SUMIF('Stock In'!$A:$A,A13,'Stock In'!AJ:AJ),0)) | M13: =IF(A13="","",IFERROR(SUMIF('Stock In'!$A:$A,A13,'Stock In'!AM:AM),0)) | N13: =IF(A13="","",SUM(B13:M13))
B14: =IF(A14="","",IFERROR(SUMIF('Stock In'!$A:$A,A14,'Stock In'!F:F),0)) | C14: =IF(A14="","",IFERROR(SUMIF('Stock In'!$A:$A,A14,'Stock In'!I:I),0)) | D14: =IF(A14="","",IFERROR(SUMIF('Stock In'!$A:$A,A14,'Stock In'!L:L),0)) | E14: =IF(A14="","",IFERROR(SUMIF('Stock In'!$A:$A,A14,'Stock In'!O:O),0)) | F14: =IF(A14="","",IFERROR(SUMIF('Stock In'!$A:$A,A14,'Stock In'!R:R),0)) | G14: =IF(A14="","",IFERROR(SUMIF('Stock In'!$A:$A,A14,'Stock In'!U:U),0)) | H14: =IF(A14="","",IFERROR(SUMIF('Stock In'!$A:$A,A14,'Stock In'!X:X),0)) | I14: =IF(A14="","",IFERROR(SUMIF('Stock In'!$A:$A,A14,'Stock In'!AA:AA),0)) | J14: =IF(A14="","",IFERROR(SUMIF('Stock In'!$A:$A,A14,'Stock In'!AD:AD),0)) | K14: =IF(A14="","",IFERROR(SUMIF('Stock In'!$A:$A,A14,'Stock In'!AG:AG),0)) | L14: =IF(A14="","",IFERROR(SUMIF('Stock In'!$A:$A,A14,'Stock In'!AJ:AJ),0)) | M14: =IF(A14="","",IFERROR(SUMIF('Stock In'!$A:$A,A14,'Stock In'!AM:AM),0)) | N14: =IF(A14="","",SUM(B14:M14))
B15: =IF(A15="","",IFERROR(SUMIF('Stock In'!$A:$A,A15,'Stock In'!F:F),0)) | C15: =IF(A15="","",IFERROR(SUMIF('Stock In'!$A:$A,A15,'Stock In'!I:I),0)) | D15: =IF(A15="","",IFERROR(SUMIF('Stock In'!$A:$A,A15,'Stock In'!L:L),0)) | E15: =IF(A15="","",IFERROR(SUMIF('Stock In'!$A:$A,A15,'Stock In'!O:O),0)) | F15: =IF(A15="","",IFERROR(SUMIF('Stock In'!$A:$A,A15,'Stock In'!R:R),0)) | G15: =IF(A15="","",IFERROR(SUMIF('Stock In'!$A:$A,A15,'Stock In'!U:U),0)) | H15: =IF(A15="","",IFERROR(SUMIF('Stock In'!$A:$A,A15,'Stock In'!X:X),0)) | I15: =IF(A15="","",IFERROR(SUMIF('Stock In'!$A:$A,A15,'Stock In'!AA:AA),0)) | J15: =IF(A15="","",IFERROR(SUMIF('Stock In'!$A:$A,A15,'Stock In'!AD:AD),0)) | K15: =IF(A15="","",IFERROR(SUMIF('Stock In'!$A:$A,A15,'Stock In'!AG:AG),0)) | L15: =IF(A15="","",IFERROR(SUMIF('Stock In'!$A:$A,A15,'Stock In'!AJ:AJ),0)) | M15: =IF(A15="","",IFERROR(SUMIF('Stock In'!$A:$A,A15,'Stock In'!AM:AM),0)) | N15: =IF(A15="","",SUM(B15:M15))
B16: =IF(A16="","",IFERROR(SUMIF('Stock In'!$A:$A,A16,'Stock In'!F:F),0)) | C16: =IF(A16="","",IFERROR(SUMIF('Stock In'!$A:$A,A16,'Stock In'!I:I),0)) | D16: =IF(A16="","",IFERROR(SUMIF('Stock In'!$A:$A,A16,'Stock In'!L:L),0)) | E16: =IF(A16="","",IFERROR(SUMIF('Stock In'!$A:$A,A16,'Stock In'!O:O),0)) | F16: =IF(A16="","",IFERROR(SUMIF('Stock In'!$A:$A,A16,'Stock In'!R:R),0)) | G16: =IF(A16="","",IFERROR(SUMIF('Stock In'!$A:$A,A16,'Stock In'!U:U),0)) | H16: =IF(A16="","",IFERROR(SUMIF('Stock In'!$A:$A,A16,'Stock In'!X:X),0)) | I16: =IF(A16="","",IFERROR(SUMIF('Stock In'!$A:$A,A16,'Stock In'!AA:AA),0)) | J16: =IF(A16="","",IFERROR(SUMIF('Stock In'!$A:$A,A16,'Stock In'!AD:AD),0)) | K16: =IF(A16="","",IFERROR(SUMIF('Stock In'!$A:$A,A16,'Stock In'!AG:AG),0)) | L16: =IF(A16="","",IFERROR(SUMIF('Stock In'!$A:$A,A16,'Stock In'!AJ:AJ),0)) | M16: =IF(A16="","",IFERROR(SUMIF('Stock In'!$A:$A,A16,'Stock In'!AM:AM),0)) | N16: =IF(A16="","",SUM(B16:M16))
B17: =IF(A17="","",IFERROR(SUMIF('Stock In'!$A:$A,A17,'Stock In'!F:F),0)) | C17: =IF(A17="","",IFERROR(SUMIF('Stock In'!$A:$A,A17,'Stock In'!I:I),0)) | D17: =IF(A17="","",IFERROR(SUMIF('Stock In'!$A:$A,A17,'Stock In'!L:L),0)) | E17: =IF(A17="","",IFERROR(SUMIF('Stock In'!$A:$A,A17,'Stock In'!O:O),0)) | F17: =IF(A17="","",IFERROR(SUMIF('Stock In'!$A:$A,A17,'Stock In'!R:R),0)) | G17: =IF(A17="","",IFERROR(SUMIF('Stock In'!$A:$A,A17,'Stock In'!U:U),0)) | H17: =IF(A17="","",IFERROR(SUMIF('Stock In'!$A:$A,A17,'Stock In'!X:X),0)) | I17: =IF(A17="","",IFERROR(SUMIF('Stock In'!$A:$A,A17,'Stock In'!AA:AA),0)) | J17: =IF(A17="","",IFERROR(SUMIF('Stock In'!$A:$A,A17,'Stock In'!AD:AD),0)) | K17: =IF(A17="","",IFERROR(SUMIF('Stock In'!$A:$A,A17,'Stock In'!AG:AG),0)) | L17: =IF(A17="","",IFERROR(SUMIF('Stock In'!$A:$A,A17,'Stock In'!AJ:AJ),0)) | M17: =IF(A17="","",IFERROR(SUMIF('Stock In'!$A:$A,A17,'Stock In'!AM:AM),0)) | N17: =IF(A17="","",SUM(B17:M17))
B18: =IF(A18="","",IFERROR(SUMIF('Stock In'!$A:$A,A18,'Stock In'!F:F),0)) | C18: =IF(A18="","",IFERROR(SUMIF('Stock In'!$A:$A,A18,'Stock In'!I:I),0)) | D18: =IF(A18="","",IFERROR(SUMIF('Stock In'!$A:$A,A18,'Stock In'!L:L),0)) | E18: =IF(A18="","",IFERROR(SUMIF('Stock In'!$A:$A,A18,'Stock In'!O:O),0)) | F18: =IF(A18="","",IFERROR(SUMIF('Stock In'!$A:$A,A18,'Stock In'!R:R),0)) | G18: =IF(A18="","",IFERROR(SUMIF('Stock In'!$A:$A,A18,'Stock In'!U:U),0)) | H18: =IF(A18="","",IFERROR(SUMIF('Stock In'!$A:$A,A18,'Stock In'!X:X),0)) | I18: =IF(A18="","",IFERROR(SUMIF('Stock In'!$A:$A,A18,'Stock In'!AA:AA),0)) | J18: =IF(A18="","",IFERROR(SUMIF('Stock In'!$A:$A,A18,'Stock In'!AD:AD),0)) | K18: =IF(A18="","",IFERROR(SUMIF('Stock In'!$A:$A,A18,'Stock In'!AG:AG),0)) | L18: =IF(A18="","",IFERROR(SUMIF('Stock In'!$A:$A,A18,'Stock In'!AJ:AJ),0)) | M18: =IF(A18="","",IFERROR(SUMIF('Stock In'!$A:$A,A18,'Stock In'!AM:AM),0)) | N18: =IF(A18="","",SUM(B18:M18))
B19: =IF(A19="","",IFERROR(SUMIF('Stock In'!$A:$A,A19,'Stock In'!F:F),0)) | C19: =IF(A19="","",IFERROR(SUMIF('Stock In'!$A:$A,A19,'Stock In'!I:I),0)) | D19: =IF(A19="","",IFERROR(SUMIF('Stock In'!$A:$A,A19,'Stock In'!L:L),0)) | E19: =IF(A19="","",IFERROR(SUMIF('Stock In'!$A:$A,A19,'Stock In'!O:O),0)) | F19: =IF(A19="","",IFERROR(SUMIF('Stock In'!$A:$A,A19,'Stock In'!R:R),0)) | G19: =IF(A19="","",IFERROR(SUMIF('Stock In'!$A:$A,A19,'Stock In'!U:U),0)) | H19: =IF(A19="","",IFERROR(SUMIF('Stock In'!$A:$A,A19,'Stock In'!X:X),0)) | I19: =IF(A19="","",IFERROR(SUMIF('Stock In'!$A:$A,A19,'Stock In'!AA:AA),0)) | J19: =IF(A19="","",IFERROR(SUMIF('Stock In'!$A:$A,A19,'Stock In'!AD:AD),0)) | K19: =IF(A19="","",IFERROR(SUMIF('Stock In'!$A:$A,A19,'Stock In'!AG:AG),0)) | L19: =IF(A19="","",IFERROR(SUMIF('Stock In'!$A:$A,A19,'Stock In'!AJ:AJ),0)) | M19: =IF(A19="","",IFERROR(SUMIF('Stock In'!$A:$A,A19,'Stock In'!AM:AM),0)) | N19: =IF(A19="","",SUM(B19:M19))
... B67: =IF(A67="","",IFERROR(SUMIF('Stock In'!$A:$A,A67,'Stock In'!F:F),0)) | C67: =IF(A67="","",IFERROR(SUMIF('Stock In'!$A:$A,A67,'Stock In'!I:I),0)) | D67: =IF(A67="","",IFERROR(SUMIF('Stock In'!$A:$A,A67,'Stock In'!L:L),0)) | E67: =IF(A67="","",IFERROR(SUMIF('Stock In'!$A:$A,A67,'Stock In'!O:O),0)) | F67: =IF(A67="","",IFERROR(SUMIF('Stock In'!$A:$A,A67,'Stock In'!R:R),0)) | G67: =IF(A67="","",IFERROR(SUMIF('Stock In'!$A:$A,A67,'Stock In'!U:U),0)) | H67: =IF(A67="","",IFERROR(SUMIF('Stock In'!$A:$A,A67,'Stock In'!X:X),0)) | I67: =IF(A67="","",IFERROR(SUMIF('Stock In'!$A:$A,A67,'Stock In'!AA:AA),0)) | J67: =IF(A67="","",IFERROR(SUMIF('Stock In'!$A:$A,A67,'Stock In'!AD:AD),0)) | K67: =IF(A67="","",IFERROR(SUMIF('Stock In'!$A:$A,A67,'Stock In'!AG:AG),0)) | L67: =IF(A67="","",IFERROR(SUMIF('Stock In'!$A:$A,A67,'Stock In'!AJ:AJ),0)) | M67: =IF(A67="","",IFERROR(SUMIF('Stock In'!$A:$A,A67,'Stock In'!AM:AM),0)) | N67: =IF(A67="","",SUM(B67:M67))
A70: ▼ WEEKLY — Col A mein 'Week X — DD MMM to DD MMM' format mein likho
N71: =IF(A71="","",SUM(B71:M71))
N72: =IF(A72="","",SUM(B72:M72))
N73: =IF(A73="","",SUM(B73:M73))
N74: =IF(A74="","",SUM(B74:M74))
N75: =IF(A75="","",SUM(B75:M75))
N76: =IF(A76="","",SUM(B76:M76))
N77: =IF(A77="","",SUM(B77:M77))
N78: =IF(A78="","",SUM(B78:M78))
N79: =IF(A79="","",SUM(B79:M79))
N80: =IF(A80="","",SUM(B80:M80))
N81: =IF(A81="","",SUM(B81:M81))
N82: =IF(A82="","",SUM(B82:M82))
... N96: =IF(A96="","",SUM(B96:M96))
A99: ▼ MONTHLY — Auto-calculates via SUMPRODUCT (month+year match)
A100: Apr 2025 | B100: =IFERROR(SUMPRODUCT((TEXT('Stock In'!$A$7:$A$506,"MMM YYYY")=A100)*ISNUMBER('Stock In'!$A$7:$A$506)*'Stock In'!F7:F506),0) -> 0 | C100: =IFERROR(SUMPRODUCT((TEXT('Stock In'!$A$7:$A$506,"MMM YYYY")=A100)*ISNUMBER('Stock In'!$A$7:$A$506)*'Stock In'!I7:I506),0) -> 0 | D100: =IFERROR(SUMPRODUCT((TEXT('Stock In'!$A$7:$A$506,"MMM YYYY")=A100)*ISNUMBER('Stock In'!$A$7:$A$506)*'Stock In'!L7:L506),0) -> 0 | E100: =IFERROR(SUMPRODUCT((TEXT('Stock In'!$A$7:$A$506,"MMM YYYY")=A100)*ISNUMBER('Stock In'!$A$7:$A$506)*'Stock In'!O7:O506),0) -> 0 | F100: =IFERROR(SUMPRODUCT((TEXT('Stock In'!$A$7:$A$506,"MMM YYYY")=A100)*ISNUMBER('Stock In'!$A$7:$A$506)*'Stock In'!R7:R506),0) -> 0 | G100: =IFERROR(SUMPRODUCT((TEXT('Stock In'!$A$7:$A$506,"MMM YYYY")=A100)*ISNUMBER('Stock In'!$A$7:$A$506)*'Stock In'!U7:U506),0) -> 0 | H100: =IFERROR(SUMPRODUCT((TEXT('Stock In'!$A$7:$A$506,"MMM YYYY")=A100)*ISNUMBER('Stock In'!$A$7:$A$506)*'Stock In'!X7:X506),0) -> 0 | I100: =IFERROR(SUMPRODUCT((TEXT('Stock In'!$A$7:$A$506,"MMM YYYY")=A100)*ISNUMBER('Stock In'!$A$7:$A$506)*'Stock In'!AA7:AA506),0) -> 0 | J100: =IFERROR(SUMPRODUCT((TEXT('Stock In'!$A$7:$A$506,"MMM YYYY")=A100)*ISNUMBER('Stock In'!$A$7:$A$506)*'Stock In'!AD7:AD506),0) -> 0 | K100: =IFERROR(SUMPRODUCT((TEXT('Stock In'!$A$7:$A$506,"MMM YYYY")=A100)*ISNUMBER('Stock In'!$A$7:$A$506)*'Stock In'!AG7:AG506),0) -> 0 | L100: =IFERROR(SUMPRODUCT((TEXT('Stock In'!$A$7:$A$506,"MMM YYYY")=A100)*ISNUMBER('Stock In'!$A$7:$A$506)*'Stock In'!AJ7:AJ506),0) -> 0 | M100: =IFERROR(SUMPRODUCT((TEXT('Stock In'!$A$7:$A$506,"MMM YYYY")=A100)*ISNUMBER('Stock In'!$A$7:$A$506)*'Stock In'!AM7:AM506),0) -> 0 | N100: =SUM(B100:M100) -> 0
A101: May 2025 | B101: =IFERROR(SUMPRODUCT((TEXT('Stock In'!$A$7:$A$506,"MMM YYYY")=A101)*ISNUMBER('Stock In'!$A$7:$A$506)*'Stock In'!F7:F506),0) -> 0 | C101: =IFERROR(SUMPRODUCT((TEXT('Stock In'!$A$7:$A$506,"MMM YYYY")=A101)*ISNUMBER('Stock In'!$A$7:$A$506)*'Stock In'!I7:I506),0) -> 0 | D101: =IFERROR(SUMPRODUCT((TEXT('Stock In'!$A$7:$A$506,"MMM YYYY")=A101)*ISNUMBER('Stock In'!$A$7:$A$506)*'Stock In'!L7:L506),0) -> 0 | E101: =IFERROR(SUMPRODUCT((TEXT('Stock In'!$A$7:$A$506,"MMM YYYY")=A101)*ISNUMBER('Stock In'!$A$7:$A$506)*'Stock In'!O7:O506),0) -> 0 | F101: =IFERROR(SUMPRODUCT((TEXT('Stock In'!$A$7:$A$506,"MMM YYYY")=A101)*ISNUMBER('Stock In'!$A$7:$A$506)*'Stock In'!R7:R506),0) -> 0 | G101: =IFERROR(SUMPRODUCT((TEXT('Stock In'!$A$7:$A$506,"MMM YYYY")=A101)*ISNUMBER('Stock In'!$A$7:$A$506)*'Stock In'!U7:U506),0) -> 0 | H101: =IFERROR(SUMPRODUCT((TEXT('Stock In'!$A$7:$A$506,"MMM YYYY")=A101)*ISNUMBER('Stock In'!$A$7:$A$506)*'Stock In'!X7:X506),0) -> 0 | I101: =IFERROR(SUMPRODUCT((TEXT('Stock In'!$A$7:$A$506,"MMM YYYY")=A101)*ISNUMBER('Stock In'!$A$7:$A$506)*'Stock In'!AA7:AA506),0) -> 0 | J101: =IFERROR(SUMPRODUCT((TEXT('Stock In'!$A$7:$A$506,"MMM YYYY")=A101)*ISNUMBER('Stock In'!$A$7:$A$506)*'Stock In'!AD7:AD506),0) -> 0 | K101: =IFERROR(SUMPRODUCT((TEXT('Stock In'!$A$7:$A$506,"MMM YYYY")=A101)*ISNUMBER('Stock In'!$A$7:$A$506)*'Stock In'!AG7:AG506),0) -> 0 | L101: =IFERROR(SUMPRODUCT((TEXT('Stock In'!$A$7:$A$506,"MMM YYYY")=A101)*ISNUMBER('Stock In'!$A$7:$A$506)*'Stock In'!AJ7:AJ506),0) -> 0 | M101: =IFERROR(SUMPRODUCT((TEXT('Stock In'!$A$7:$A$506,"MMM YYYY")=A101)*ISNUMBER('Stock In'!$A$7:$A$506)*'Stock In'!AM7:AM506),0) -> 0 | N101: =SUM(B101:M101) -> 0
A102: Jun 2025 | B102: =IFERROR(SUMPRODUCT((TEXT('Stock In'!$A$7:$A$506,"MMM YYYY")=A102)*ISNUMBER('Stock In'!$A$7:$A$506)*'Stock In'!F7:F506),0) -> 0 | C102: =IFERROR(SUMPRODUCT((TEXT('Stock In'!$A$7:$A$506,"MMM YYYY")=A102)*ISNUMBER('Stock In'!$A$7:$A$506)*'Stock In'!I7:I506),0) -> 0 | D102: =IFERROR(SUMPRODUCT((TEXT('Stock In'!$A$7:$A$506,"MMM YYYY")=A102)*ISNUMBER('Stock In'!$A$7:$A$506)*'Stock In'!L7:L506),0) -> 0 | E102: =IFERROR(SUMPRODUCT((TEXT('Stock In'!$A$7:$A$506,"MMM YYYY")=A102)*ISNUMBER('Stock In'!$A$7:$A$506)*'Stock In'!O7:O506),0) -> 0 | F102: =IFERROR(SUMPRODUCT((TEXT('Stock In'!$A$7:$A$506,"MMM YYYY")=A102)*ISNUMBER('Stock In'!$A$7:$A$506)*'Stock In'!R7:R506),0) -> 0 | G102: =IFERROR(SUMPRODUCT((TEXT('Stock In'!$A$7:$A$506,"MMM YYYY")=A102)*ISNUMBER('Stock In'!$A$7:$A$506)*'Stock In'!U7:U506),0) -> 0 | H102: =IFERROR(SUMPRODUCT((TEXT('Stock In'!$A$7:$A$506,"MMM YYYY")=A102)*ISNUMBER('Stock In'!$A$7:$A$506)*'Stock In'!X7:X506),0) -> 0 | I102: =IFERROR(SUMPRODUCT((TEXT('Stock In'!$A$7:$A$506,"MMM YYYY")=A102)*ISNUMBER('Stock In'!$A$7:$A$506)*'Stock In'!AA7:AA506),0) -> 0 | J102: =IFERROR(SUMPRODUCT((TEXT('Stock In'!$A$7:$A$506,"MMM YYYY")=A102)*ISNUMBER('Stock In'!$A$7:$A$506)*'Stock In'!AD7:AD506),0) -> 0 | K102: =IFERROR(SUMPRODUCT((TEXT('Stock In'!$A$7:$A$506,"MMM YYYY")=A102)*ISNUMBER('Stock In'!$A$7:$A$506)*'Stock In'!AG7:AG506),0) -> 0 | L102: =IFERROR(SUMPRODUCT((TEXT('Stock In'!$A$7:$A$506,"MMM YYYY")=A102)*ISNUMBER('Stock In'!$A$7:$A$506)*'Stock In'!AJ7:AJ506),0) -> 0 | M102: =IFERROR(SUMPRODUCT((TEXT('Stock In'!$A$7:$A$506,"MMM YYYY")=A102)*ISNUMBER('Stock In'!$A$7:$A$506)*'Stock In'!AM7:AM506),0) -> 0 | N102: =SUM(B102:M102) -> 0
A103: Jul 2025 | B103: =IFERROR(SUMPRODUCT((TEXT('Stock In'!$A$7:$A$506,"MMM YYYY")=A103)*ISNUMBER('Stock In'!$A$7:$A$506)*'Stock In'!F7:F506),0) -> 0 | C103: =IFERROR(SUMPRODUCT((TEXT('Stock In'!$A$7:$A$506,"MMM YYYY")=A103)*ISNUMBER('Stock In'!$A$7:$A$506)*'Stock In'!I7:I506),0) -> 0 | D103: =IFERROR(SUMPRODUCT((TEXT('Stock In'!$A$7:$A$506,"MMM YYYY")=A103)*ISNUMBER('Stock In'!$A$7:$A$506)*'Stock In'!L7:L506),0) -> 0 | E103: =IFERROR(SUMPRODUCT((TEXT('Stock In'!$A$7:$A$506,"MMM YYYY")=A103)*ISNUMBER('Stock In'!$A$7:$A$506)*'Stock In'!O7:O506),0) -> 0 | F103: =IFERROR(SUMPRODUCT((TEXT('Stock In'!$A$7:$A$506,"MMM YYYY")=A103)*ISNUMBER('Stock In'!$A$7:$A$506)*'Stock In'!R7:R506),0) -> 0 | G103: =IFERROR(SUMPRODUCT((TEXT('Stock In'!$A$7:$A$506,"MMM YYYY")=A103)*ISNUMBER('Stock In'!$A$7:$A$506)*'Stock In'!U7:U506),0) -> 0 | H103: =IFERROR(SUMPRODUCT((TEXT('Stock In'!$A$7:$A$506,"MMM YYYY")=A103)*ISNUMBER('Stock In'!$A$7:$A$506)*'Stock In'!X7:X506),0) -> 0 | I103: =IFERROR(SUMPRODUCT((TEXT('Stock In'!$A$7:$A$506,"MMM YYYY")=A103)*ISNUMBER('Stock In'!$A$7:$A$506)*'Stock In'!AA7:AA506),0) -> 0 | J103: =IFERROR(SUMPRODUCT((TEXT('Stock In'!$A$7:$A$506,"MMM YYYY")=A103)*ISNUMBER('Stock In'!$A$7:$A$506)*'Stock In'!AD7:AD506),0) -> 0 | K103: =IFERROR(SUMPRODUCT((TEXT('Stock In'!$A$7:$A$506,"MMM YYYY")=A103)*ISNUMBER('Stock In'!$A$7:$A$506)*'Stock In'!AG7:AG506),0) -> 0 | L103: =IFERROR(SUMPRODUCT((TEXT('Stock In'!$A$7:$A$506,"MMM YYYY")=A103)*ISNUMBER('Stock In'!$A$7:$A$506)*'Stock In'!AJ7:AJ506),0) -> 0 | M103: =IFERROR(SUMPRODUCT((TEXT('Stock In'!$A$7:$A$506,"MMM YYYY")=A103)*ISNUMBER('Stock In'!$A$7:$A$506)*'Stock In'!AM7:AM506),0) -> 0 | N103: =SUM(B103:M103) -> 0
A104: Aug 2025 | B104: =IFERROR(SUMPRODUCT((TEXT('Stock In'!$A$7:$A$506,"MMM YYYY")=A104)*ISNUMBER('Stock In'!$A$7:$A$506)*'Stock In'!F7:F506),0) -> 0 | C104: =IFERROR(SUMPRODUCT((TEXT('Stock In'!$A$7:$A$506,"MMM YYYY")=A104)*ISNUMBER('Stock In'!$A$7:$A$506)*'Stock In'!I7:I506),0) -> 0 | D104: =IFERROR(SUMPRODUCT((TEXT('Stock In'!$A$7:$A$506,"MMM YYYY")=A104)*ISNUMBER('Stock In'!$A$7:$A$506)*'Stock In'!L7:L506),0) -> 0 | E104: =IFERROR(SUMPRODUCT((TEXT('Stock In'!$A$7:$A$506,"MMM YYYY")=A104)*ISNUMBER('Stock In'!$A$7:$A$506)*'Stock In'!O7:O506),0) -> 0 | F104: =IFERROR(SUMPRODUCT((TEXT('Stock In'!$A$7:$A$506,"MMM YYYY")=A104)*ISNUMBER('Stock In'!$A$7:$A$506)*'Stock In'!R7:R506),0) -> 0 | G104: =IFERROR(SUMPRODUCT((TEXT('Stock In'!$A$7:$A$506,"MMM YYYY")=A104)*ISNUMBER('Stock In'!$A$7:$A$506)*'Stock In'!U7:U506),0) -> 0 | H104: =IFERROR(SUMPRODUCT((TEXT('Stock In'!$A$7:$A$506,"MMM YYYY")=A104)*ISNUMBER('Stock In'!$A$7:$A$506)*'Stock In'!X7:X506),0) -> 0 | I104: =IFERROR(SUMPRODUCT((TEXT('Stock In'!$A$7:$A$506,"MMM YYYY")=A104)*ISNUMBER('Stock In'!$A$7:$A$506)*'Stock In'!AA7:AA506),0) -> 0 | J104: =IFERROR(SUMPRODUCT((TEXT('Stock In'!$A$7:$A$506,"MMM YYYY")=A104)*ISNUMBER('Stock In'!$A$7:$A$506)*'Stock In'!AD7:AD506),0) -> 0 | K104: =IFERROR(SUMPRODUCT((TEXT('Stock In'!$A$7:$A$506,"MMM YYYY")=A104)*ISNUMBER('Stock In'!$A$7:$A$506)*'Stock In'!AG7:AG506),0) -> 0 | L104: =IFERROR(SUMPRODUCT((TEXT('Stock In'!$A$7:$A$506,"MMM YYYY")=A104)*ISNUMBER('Stock In'!$A$7:$A$506)*'Stock In'!AJ7:AJ506),0) -> 0 | M104: =IFERROR(SUMPRODUCT((TEXT('Stock In'!$A$7:$A$506,"MMM YYYY")=A104)*ISNUMBER('Stock In'!$A$7:$A$506)*'Stock In'!AM7:AM506),0) -> 0 | N104: =SUM(B104:M104) -> 0
A105: Sep 2025 | B105: =IFERROR(SUMPRODUCT((TEXT('Stock In'!$A$7:$A$506,"MMM YYYY")=A105)*ISNUMBER('Stock In'!$A$7:$A$506)*'Stock In'!F7:F506),0) -> 0 | C105: =IFERROR(SUMPRODUCT((TEXT('Stock In'!$A$7:$A$506,"MMM YYYY")=A105)*ISNUMBER('Stock In'!$A$7:$A$506)*'Stock In'!I7:I506),0) -> 0 | D105: =IFERROR(SUMPRODUCT((TEXT('Stock In'!$A$7:$A$506,"MMM YYYY")=A105)*ISNUMBER('Stock In'!$A$7:$A$506)*'Stock In'!L7:L506),0) -> 0 | E105: =IFERROR(SUMPRODUCT((TEXT('Stock In'!$A$7:$A$506,"MMM YYYY")=A105)*ISNUMBER('Stock In'!$A$7:$A$506)*'Stock In'!O7:O506),0) -> 0 | F105: =IFERROR(SUMPRODUCT((TEXT('Stock In'!$A$7:$A$506,"MMM YYYY")=A105)*ISNUMBER('Stock In'!$A$7:$A$506)*'Stock In'!R7:R506),0) -> 0 | G105: =IFERROR(SUMPRODUCT((TEXT('Stock In'!$A$7:$A$506,"MMM YYYY")=A105)*ISNUMBER('Stock In'!$A$7:$A$506)*'Stock In'!U7:U506),0) -> 0 | H105: =IFERROR(SUMPRODUCT((TEXT('Stock In'!$A$7:$A$506,"MMM YYYY")=A105)*ISNUMBER('Stock In'!$A$7:$A$506)*'Stock In'!X7:X506),0) -> 0 | I105: =IFERROR(SUMPRODUCT((TEXT('Stock In'!$A$7:$A$506,"MMM YYYY")=A105)*ISNUMBER('Stock In'!$A$7:$A$506)*'Stock In'!AA7:AA506),0) -> 0 | J105: =IFERROR(SUMPRODUCT((TEXT('Stock In'!$A$7:$A$506,"MMM YYYY")=A105)*ISNUMBER('Stock In'!$A$7:$A$506)*'Stock In'!AD7:AD506),0) -> 0 | K105: =IFERROR(SUMPRODUCT((TEXT('Stock In'!$A$7:$A$506,"MMM YYYY")=A105)*ISNUMBER('Stock In'!$A$7:$A$506)*'Stock In'!AG7:AG506),0) -> 0 | L105: =IFERROR(SUMPRODUCT((TEXT('Stock In'!$A$7:$A$506,"MMM YYYY")=A105)*ISNUMBER('Stock In'!$A$7:$A$506)*'Stock In'!AJ7:AJ506),0) -> 0 | M105: =IFERROR(SUMPRODUCT((TEXT('Stock In'!$A$7:$A$506,"MMM YYYY")=A105)*ISNUMBER('Stock In'!$A$7:$A$506)*'Stock In'!AM7:AM506),0) -> 0 | N105: =SUM(B105:M105) -> 0
A106: Oct 2025 | B106: =IFERROR(SUMPRODUCT((TEXT('Stock In'!$A$7:$A$506,"MMM YYYY")=A106)*ISNUMBER('Stock In'!$A$7:$A$506)*'Stock In'!F7:F506),0) -> 0 | C106: =IFERROR(SUMPRODUCT((TEXT('Stock In'!$A$7:$A$506,"MMM YYYY")=A106)*ISNUMBER('Stock In'!$A$7:$A$506)*'Stock In'!I7:I506),0) -> 0 | D106: =IFERROR(SUMPRODUCT((TEXT('Stock In'!$A$7:$A$506,"MMM YYYY")=A106)*ISNUMBER('Stock In'!$A$7:$A$506)*'Stock In'!L7:L506),0) -> 0 | E106: =IFERROR(SUMPRODUCT((TEXT('Stock In'!$A$7:$A$506,"MMM YYYY")=A106)*ISNUMBER('Stock In'!$A$7:$A$506)*'Stock In'!O7:O506),0) -> 0 | F106: =IFERROR(SUMPRODUCT((TEXT('Stock In'!$A$7:$A$506,"MMM YYYY")=A106)*ISNUMBER('Stock In'!$A$7:$A$506)*'Stock In'!R7:R506),0) -> 0 | G106: =IFERROR(SUMPRODUCT((TEXT('Stock In'!$A$7:$A$506,"MMM YYYY")=A106)*ISNUMBER('Stock In'!$A$7:$A$506)*'Stock In'!U7:U506),0) -> 0 | H106: =IFERROR(SUMPRODUCT((TEXT('Stock In'!$A$7:$A$506,"MMM YYYY")=A106)*ISNUMBER('Stock In'!$A$7:$A$506)*'Stock In'!X7:X506),0) -> 0 | I106: =IFERROR(SUMPRODUCT((TEXT('Stock In'!$A$7:$A$506,"MMM YYYY")=A106)*ISNUMBER('Stock In'!$A$7:$A$506)*'Stock In'!AA7:AA506),0) -> 0 | J106: =IFERROR(SUMPRODUCT((TEXT('Stock In'!$A$7:$A$506,"MMM YYYY")=A106)*ISNUMBER('Stock In'!$A$7:$A$506)*'Stock In'!AD7:AD506),0) -> 0 | K106: =IFERROR(SUMPRODUCT((TEXT('Stock In'!$A$7:$A$506,"MMM YYYY")=A106)*ISNUMBER('Stock In'!$A$7:$A$506)*'Stock In'!AG7:AG506),0) -> 0 | L106: =IFERROR(SUMPRODUCT((TEXT('Stock In'!$A$7:$A$506,"MMM YYYY")=A106)*ISNUMBER('Stock In'!$A$7:$A$506)*'Stock In'!AJ7:AJ506),0) -> 0 | M106: =IFERROR(SUMPRODUCT((TEXT('Stock In'!$A$7:$A$506,"MMM YYYY")=A106)*ISNUMBER('Stock In'!$A$7:$A$506)*'Stock In'!AM7:AM506),0) -> 0 | N106: =SUM(B106:M106) -> 0
A107: Nov 2025 | B107: =IFERROR(SUMPRODUCT((TEXT('Stock In'!$A$7:$A$506,"MMM YYYY")=A107)*ISNUMBER('Stock In'!$A$7:$A$506)*'Stock In'!F7:F506),0) -> 0 | C107: =IFERROR(SUMPRODUCT((TEXT('Stock In'!$A$7:$A$506,"MMM YYYY")=A107)*ISNUMBER('Stock In'!$A$7:$A$506)*'Stock In'!I7:I506),0) -> 0 | D107: =IFERROR(SUMPRODUCT((TEXT('Stock In'!$A$7:$A$506,"MMM YYYY")=A107)*ISNUMBER('Stock In'!$A$7:$A$506)*'Stock In'!L7:L506),0) -> 0 | E107: =IFERROR(SUMPRODUCT((TEXT('Stock In'!$A$7:$A$506,"MMM YYYY")=A107)*ISNUMBER('Stock In'!$A$7:$A$506)*'Stock In'!O7:O506),0) -> 0 | F107: =IFERROR(SUMPRODUCT((TEXT('Stock In'!$A$7:$A$506,"MMM YYYY")=A107)*ISNUMBER('Stock In'!$A$7:$A$506)*'Stock In'!R7:R506),0) -> 0 | G107: =IFERROR(SUMPRODUCT((TEXT('Stock In'!$A$7:$A$506,"MMM YYYY")=A107)*ISNUMBER('Stock In'!$A$7:$A$506)*'Stock In'!U7:U506),0) -> 0 | H107: =IFERROR(SUMPRODUCT((TEXT('Stock In'!$A$7:$A$506,"MMM YYYY")=A107)*ISNUMBER('Stock In'!$A$7:$A$506)*'Stock In'!X7:X506),0) -> 0 | I107: =IFERROR(SUMPRODUCT((TEXT('Stock In'!$A$7:$A$506,"MMM YYYY")=A107)*ISNUMBER('Stock In'!$A$7:$A$506)*'Stock In'!AA7:AA506),0) -> 0 | J107: =IFERROR(SUMPRODUCT((TEXT('Stock In'!$A$7:$A$506,"MMM YYYY")=A107)*ISNUMBER('Stock In'!$A$7:$A$506)*'Stock In'!AD7:AD506),0) -> 0 | K107: =IFERROR(SUMPRODUCT((TEXT('Stock In'!$A$7:$A$506,"MMM YYYY")=A107)*ISNUMBER('Stock In'!$A$7:$A$506)*'Stock In'!AG7:AG506),0) -> 0 | L107: =IFERROR(SUMPRODUCT((TEXT('Stock In'!$A$7:$A$506,"MMM YYYY")=A107)*ISNUMBER('Stock In'!$A$7:$A$506)*'Stock In'!AJ7:AJ506),0) -> 0 | M107: =IFERROR(SUMPRODUCT((TEXT('Stock In'!$A$7:$A$506,"MMM YYYY")=A107)*ISNUMBER('Stock In'!$A$7:$A$506)*'Stock In'!AM7:AM506),0) -> 0 | N107: =SUM(B107:M107) -> 0
A108: Dec 2025 | B108: =IFERROR(SUMPRODUCT((TEXT('Stock In'!$A$7:$A$506,"MMM YYYY")=A108)*ISNUMBER('Stock In'!$A$7:$A$506)*'Stock In'!F7:F506),0) -> 0 | C108: =IFERROR(SUMPRODUCT((TEXT('Stock In'!$A$7:$A$506,"MMM YYYY")=A108)*ISNUMBER('Stock In'!$A$7:$A$506)*'Stock In'!I7:I506),0) -> 0 | D108: =IFERROR(SUMPRODUCT((TEXT('Stock In'!$A$7:$A$506,"MMM YYYY")=A108)*ISNUMBER('Stock In'!$A$7:$A$506)*'Stock In'!L7:L506),0) -> 0 | E108: =IFERROR(SUMPRODUCT((TEXT('Stock In'!$A$7:$A$506,"MMM YYYY")=A108)*ISNUMBER('Stock In'!$A$7:$A$506)*'Stock In'!O7:O506),0) -> 0 | F108: =IFERROR(SUMPRODUCT((TEXT('Stock In'!$A$7:$A$506,"MMM YYYY")=A108)*ISNUMBER('Stock In'!$A$7:$A$506)*'Stock In'!R7:R506),0) -> 0 | G108: =IFERROR(SUMPRODUCT((TEXT('Stock In'!$A$7:$A$506,"MMM YYYY")=A108)*ISNUMBER('Stock In'!$A$7:$A$506)*'Stock In'!U7:U506),0) -> 0 | H108: =IFERROR(SUMPRODUCT((TEXT('Stock In'!$A$7:$A$506,"MMM YYYY")=A108)*ISNUMBER('Stock In'!$A$7:$A$506)*'Stock In'!X7:X506),0) -> 0 | I108: =IFERROR(SUMPRODUCT((TEXT('Stock In'!$A$7:$A$506,"MMM YYYY")=A108)*ISNUMBER('Stock In'!$A$7:$A$506)*'Stock In'!AA7:AA506),0) -> 0 | J108: =IFERROR(SUMPRODUCT((TEXT('Stock In'!$A$7:$A$506,"MMM YYYY")=A108)*ISNUMBER('Stock In'!$A$7:$A$506)*'Stock In'!AD7:AD506),0) -> 0 | K108: =IFERROR(SUMPRODUCT((TEXT('Stock In'!$A$7:$A$506,"MMM YYYY")=A108)*ISNUMBER('Stock In'!$A$7:$A$506)*'Stock In'!AG7:AG506),0) -> 0 | L108: =IFERROR(SUMPRODUCT((TEXT('Stock In'!$A$7:$A$506,"MMM YYYY")=A108)*ISNUMBER('Stock In'!$A$7:$A$506)*'Stock In'!AJ7:AJ506),0) -> 0 | M108: =IFERROR(SUMPRODUCT((TEXT('Stock In'!$A$7:$A$506,"MMM YYYY")=A108)*ISNUMBER('Stock In'!$A$7:$A$506)*'Stock In'!AM7:AM506),0) -> 0 | N108: =SUM(B108:M108) -> 0
A109: Jan 2026 | B109: =IFERROR(SUMPRODUCT((TEXT('Stock In'!$A$7:$A$506,"MMM YYYY")=A109)*ISNUMBER('Stock In'!$A$7:$A$506)*'Stock In'!F7:F506),0) -> 0 | C109: =IFERROR(SUMPRODUCT((TEXT('Stock In'!$A$7:$A$506,"MMM YYYY")=A109)*ISNUMBER('Stock In'!$A$7:$A$506)*'Stock In'!I7:I506),0) -> 0 | D109: =IFERROR(SUMPRODUCT((TEXT('Stock In'!$A$7:$A$506,"MMM YYYY")=A109)*ISNUMBER('Stock In'!$A$7:$A$506)*'Stock In'!L7:L506),0) -> 0 | E109: =IFERROR(SUMPRODUCT((TEXT('Stock In'!$A$7:$A$506,"MMM YYYY")=A109)*ISNUMBER('Stock In'!$A$7:$A$506)*'Stock In'!O7:O506),0) -> 0 | F109: =IFERROR(SUMPRODUCT((TEXT('Stock In'!$A$7:$A$506,"MMM YYYY")=A109)*ISNUMBER('Stock In'!$A$7:$A$506)*'Stock In'!R7:R506),0) -> 0 | G109: =IFERROR(SUMPRODUCT((TEXT('Stock In'!$A$7:$A$506,"MMM YYYY")=A109)*ISNUMBER('Stock In'!$A$7:$A$506)*'Stock In'!U7:U506),0) -> 0 | H109: =IFERROR(SUMPRODUCT((TEXT('Stock In'!$A$7:$A$506,"MMM YYYY")=A109)*ISNUMBER('Stock In'!$A$7:$A$506)*'Stock In'!X7:X506),0) -> 0 | I109: =IFERROR(SUMPRODUCT((TEXT('Stock In'!$A$7:$A$506,"MMM YYYY")=A109)*ISNUMBER('Stock In'!$A$7:$A$506)*'Stock In'!AA7:AA506),0) -> 0 | J109: =IFERROR(SUMPRODUCT((TEXT('Stock In'!$A$7:$A$506,"MMM YYYY")=A109)*ISNUMBER('Stock In'!$A$7:$A$506)*'Stock In'!AD7:AD506),0) -> 0 | K109: =IFERROR(SUMPRODUCT((TEXT('Stock In'!$A$7:$A$506,"MMM YYYY")=A109)*ISNUMBER('Stock In'!$A$7:$A$506)*'Stock In'!AG7:AG506),0) -> 0 | L109: =IFERROR(SUMPRODUCT((TEXT('Stock In'!$A$7:$A$506,"MMM YYYY")=A109)*ISNUMBER('Stock In'!$A$7:$A$506)*'Stock In'!AJ7:AJ506),0) -> 0 | M109: =IFERROR(SUMPRODUCT((TEXT('Stock In'!$A$7:$A$506,"MMM YYYY")=A109)*ISNUMBER('Stock In'!$A$7:$A$506)*'Stock In'!AM7:AM506),0) -> 0 | N109: =SUM(B109:M109) -> 0
A110: Feb 2026 | B110: =IFERROR(SUMPRODUCT((TEXT('Stock In'!$A$7:$A$506,"MMM YYYY")=A110)*ISNUMBER('Stock In'!$A$7:$A$506)*'Stock In'!F7:F506),0) -> 0 | C110: =IFERROR(SUMPRODUCT((TEXT('Stock In'!$A$7:$A$506,"MMM YYYY")=A110)*ISNUMBER('Stock In'!$A$7:$A$506)*'Stock In'!I7:I506),0) -> 0 | D110: =IFERROR(SUMPRODUCT((TEXT('Stock In'!$A$7:$A$506,"MMM YYYY")=A110)*ISNUMBER('Stock In'!$A$7:$A$506)*'Stock In'!L7:L506),0) -> 0 | E110: =IFERROR(SUMPRODUCT((TEXT('Stock In'!$A$7:$A$506,"MMM YYYY")=A110)*ISNUMBER('Stock In'!$A$7:$A$506)*'Stock In'!O7:O506),0) -> 0 | F110: =IFERROR(SUMPRODUCT((TEXT('Stock In'!$A$7:$A$506,"MMM YYYY")=A110)*ISNUMBER('Stock In'!$A$7:$A$506)*'Stock In'!R7:R506),0) -> 0 | G110: =IFERROR(SUMPRODUCT((TEXT('Stock In'!$A$7:$A$506,"MMM YYYY")=A110)*ISNUMBER('Stock In'!$A$7:$A$506)*'Stock In'!U7:U506),0) -> 0 | H110: =IFERROR(SUMPRODUCT((TEXT('Stock In'!$A$7:$A$506,"MMM YYYY")=A110)*ISNUMBER('Stock In'!$A$7:$A$506)*'Stock In'!X7:X506),0) -> 0 | I110: =IFERROR(SUMPRODUCT((TEXT('Stock In'!$A$7:$A$506,"MMM YYYY")=A110)*ISNUMBER('Stock In'!$A$7:$A$506)*'Stock In'!AA7:AA506),0) -> 0 | J110: =IFERROR(SUMPRODUCT((TEXT('Stock In'!$A$7:$A$506,"MMM YYYY")=A110)*ISNUMBER('Stock In'!$A$7:$A$506)*'Stock In'!AD7:AD506),0) -> 0 | K110: =IFERROR(SUMPRODUCT((TEXT('Stock In'!$A$7:$A$506,"MMM YYYY")=A110)*ISNUMBER('Stock In'!$A$7:$A$506)*'Stock In'!AG7:AG506),0) -> 0 | L110: =IFERROR(SUMPRODUCT((TEXT('Stock In'!$A$7:$A$506,"MMM YYYY")=A110)*ISNUMBER('Stock In'!$A$7:$A$506)*'Stock In'!AJ7:AJ506),0) -> 0 | M110: =IFERROR(SUMPRODUCT((TEXT('Stock In'!$A$7:$A$506,"MMM YYYY")=A110)*ISNUMBER('Stock In'!$A$7:$A$506)*'Stock In'!AM7:AM506),0) -> 0 | N110: =SUM(B110:M110) -> 0
A111: Mar 2026 | B111: =IFERROR(SUMPRODUCT((TEXT('Stock In'!$A$7:$A$506,"MMM YYYY")=A111)*ISNUMBER('Stock In'!$A$7:$A$506)*'Stock In'!F7:F506),0) -> 0 | C111: =IFERROR(SUMPRODUCT((TEXT('Stock In'!$A$7:$A$506,"MMM YYYY")=A111)*ISNUMBER('Stock In'!$A$7:$A$506)*'Stock In'!I7:I506),0) -> 0 | D111: =IFERROR(SUMPRODUCT((TEXT('Stock In'!$A$7:$A$506,"MMM YYYY")=A111)*ISNUMBER('Stock In'!$A$7:$A$506)*'Stock In'!L7:L506),0) -> 0 | E111: =IFERROR(SUMPRODUCT((TEXT('Stock In'!$A$7:$A$506,"MMM YYYY")=A111)*ISNUMBER('Stock In'!$A$7:$A$506)*'Stock In'!O7:O506),0) -> 0 | F111: =IFERROR(SUMPRODUCT((TEXT('Stock In'!$A$7:$A$506,"MMM YYYY")=A111)*ISNUMBER('Stock In'!$A$7:$A$506)*'Stock In'!R7:R506),0) -> 0 | G111: =IFERROR(SUMPRODUCT((TEXT('Stock In'!$A$7:$A$506,"MMM YYYY")=A111)*ISNUMBER('Stock In'!$A$7:$A$506)*'Stock In'!U7:U506),0) -> 0 | H111: =IFERROR(SUMPRODUCT((TEXT('Stock In'!$A$7:$A$506,"MMM YYYY")=A111)*ISNUMBER('Stock In'!$A$7:$A$506)*'Stock In'!X7:X506),0) -> 0 | I111: =IFERROR(SUMPRODUCT((TEXT('Stock In'!$A$7:$A$506,"MMM YYYY")=A111)*ISNUMBER('Stock In'!$A$7:$A$506)*'Stock In'!AA7:AA506),0) -> 0 | J111: =IFERROR(SUMPRODUCT((TEXT('Stock In'!$A$7:$A$506,"MMM YYYY")=A111)*ISNUMBER('Stock In'!$A$7:$A$506)*'Stock In'!AD7:AD506),0) -> 0 | K111: =IFERROR(SUMPRODUCT((TEXT('Stock In'!$A$7:$A$506,"MMM YYYY")=A111)*ISNUMBER('Stock In'!$A$7:$A$506)*'Stock In'!AG7:AG506),0) -> 0 | L111: =IFERROR(SUMPRODUCT((TEXT('Stock In'!$A$7:$A$506,"MMM YYYY")=A111)*ISNUMBER('Stock In'!$A$7:$A$506)*'Stock In'!AJ7:AJ506),0) -> 0 | M111: =IFERROR(SUMPRODUCT((TEXT('Stock In'!$A$7:$A$506,"MMM YYYY")=A111)*ISNUMBER('Stock In'!$A$7:$A$506)*'Stock In'!AM7:AM506),0) -> 0 | N111: =SUM(B111:M111) -> 0
A112: Apr 2026 | B112: =IFERROR(SUMPRODUCT((TEXT('Stock In'!$A$7:$A$506,"MMM YYYY")=A112)*ISNUMBER('Stock In'!$A$7:$A$506)*'Stock In'!F7:F506),0) -> 0 | C112: =IFERROR(SUMPRODUCT((TEXT('Stock In'!$A$7:$A$506,"MMM YYYY")=A112)*ISNUMBER('Stock In'!$A$7:$A$506)*'Stock In'!I7:I506),0) -> 0 | D112: =IFERROR(SUMPRODUCT((TEXT('Stock In'!$A$7:$A$506,"MMM YYYY")=A112)*ISNUMBER('Stock In'!$A$7:$A$506)*'Stock In'!L7:L506),0) -> 0 | E112: =IFERROR(SUMPRODUCT((TEXT('Stock In'!$A$7:$A$506,"MMM YYYY")=A112)*ISNUMBER('Stock In'!$A$7:$A$506)*'Stock In'!O7:O506),0) -> 0 | F112: =IFERROR(SUMPRODUCT((TEXT('Stock In'!$A$7:$A$506,"MMM YYYY")=A112)*ISNUMBER('Stock In'!$A$7:$A$506)*'Stock In'!R7:R506),0) -> 0 | G112: =IFERROR(SUMPRODUCT((TEXT('Stock In'!$A$7:$A$506,"MMM YYYY")=A112)*ISNUMBER('Stock In'!$A$7:$A$506)*'Stock In'!U7:U506),0) -> 0 | H112: =IFERROR(SUMPRODUCT((TEXT('Stock In'!$A$7:$A$506,"MMM YYYY")=A112)*ISNUMBER('Stock In'!$A$7:$A$506)*'Stock In'!X7:X506),0) -> 0 | I112: =IFERROR(SUMPRODUCT((TEXT('Stock In'!$A$7:$A$506,"MMM YYYY")=A112)*ISNUMBER('Stock In'!$A$7:$A$506)*'Stock In'!AA7:AA506),0) -> 0 | J112: =IFERROR(SUMPRODUCT((TEXT('Stock In'!$A$7:$A$506,"MMM YYYY")=A112)*ISNUMBER('Stock In'!$A$7:$A$506)*'Stock In'!AD7:AD506),0) -> 0 | K112: =IFERROR(SUMPRODUCT((TEXT('Stock In'!$A$7:$A$506,"MMM YYYY")=A112)*ISNUMBER('Stock In'!$A$7:$A$506)*'Stock In'!AG7:AG506),0) -> 0 | L112: =IFERROR(SUMPRODUCT((TEXT('Stock In'!$A$7:$A$506,"MMM YYYY")=A112)*ISNUMBER('Stock In'!$A$7:$A$506)*'Stock In'!AJ7:AJ506),0) -> 0 | M112: =IFERROR(SUMPRODUCT((TEXT('Stock In'!$A$7:$A$506,"MMM YYYY")=A112)*ISNUMBER('Stock In'!$A$7:$A$506)*'Stock In'!AM7:AM506),0) -> 0 | N112: =SUM(B112:M112) -> 0
A113: May 2026 | B113: =IFERROR(SUMPRODUCT((TEXT('Stock In'!$A$7:$A$506,"MMM YYYY")=A113)*ISNUMBER('Stock In'!$A$7:$A$506)*'Stock In'!F7:F506),0) -> 0 | C113: =IFERROR(SUMPRODUCT((TEXT('Stock In'!$A$7:$A$506,"MMM YYYY")=A113)*ISNUMBER('Stock In'!$A$7:$A$506)*'Stock In'!I7:I506),0) -> 0 | D113: =IFERROR(SUMPRODUCT((TEXT('Stock In'!$A$7:$A$506,"MMM YYYY")=A113)*ISNUMBER('Stock In'!$A$7:$A$506)*'Stock In'!L7:L506),0) -> 0 | E113: =IFERROR(SUMPRODUCT((TEXT('Stock In'!$A$7:$A$506,"MMM YYYY")=A113)*ISNUMBER('Stock In'!$A$7:$A$506)*'Stock In'!O7:O506),0) -> 0 | F113: =IFERROR(SUMPRODUCT((TEXT('Stock In'!$A$7:$A$506,"MMM YYYY")=A113)*ISNUMBER('Stock In'!$A$7:$A$506)*'Stock In'!R7:R506),0) -> 0 | G113: =IFERROR(SUMPRODUCT((TEXT('Stock In'!$A$7:$A$506,"MMM YYYY")=A113)*ISNUMBER('Stock In'!$A$7:$A$506)*'Stock In'!U7:U506),0) -> 0 | H113: =IFERROR(SUMPRODUCT((TEXT('Stock In'!$A$7:$A$506,"MMM YYYY")=A113)*ISNUMBER('Stock In'!$A$7:$A$506)*'Stock In'!X7:X506),0) -> 0 | I113: =IFERROR(SUMPRODUCT((TEXT('Stock In'!$A$7:$A$506,"MMM YYYY")=A113)*ISNUMBER('Stock In'!$A$7:$A$506)*'Stock In'!AA7:AA506),0) -> 0 | J113: =IFERROR(SUMPRODUCT((TEXT('Stock In'!$A$7:$A$506,"MMM YYYY")=A113)*ISNUMBER('Stock In'!$A$7:$A$506)*'Stock In'!AD7:AD506),0) -> 0 | K113: =IFERROR(SUMPRODUCT((TEXT('Stock In'!$A$7:$A$506,"MMM YYYY")=A113)*ISNUMBER('Stock In'!$A$7:$A$506)*'Stock In'!AG7:AG506),0) -> 0 | L113: =IFERROR(SUMPRODUCT((TEXT('Stock In'!$A$7:$A$506,"MMM YYYY")=A113)*ISNUMBER('Stock In'!$A$7:$A$506)*'Stock In'!AJ7:AJ506),0) -> 0 | M113: =IFERROR(SUMPRODUCT((TEXT('Stock In'!$A$7:$A$506,"MMM YYYY")=A113)*ISNUMBER('Stock In'!$A$7:$A$506)*'Stock In'!AM7:AM506),0) -> 0 | N113: =SUM(B113:M113) -> 0
A114: Jun 2026 | B114: =IFERROR(SUMPRODUCT((TEXT('Stock In'!$A$7:$A$506,"MMM YYYY")=A114)*ISNUMBER('Stock In'!$A$7:$A$506)*'Stock In'!F7:F506),0) -> 0 | C114: =IFERROR(SUMPRODUCT((TEXT('Stock In'!$A$7:$A$506,"MMM YYYY")=A114)*ISNUMBER('Stock In'!$A$7:$A$506)*'Stock In'!I7:I506),0) -> 0 | D114: =IFERROR(SUMPRODUCT((TEXT('Stock In'!$A$7:$A$506,"MMM YYYY")=A114)*ISNUMBER('Stock In'!$A$7:$A$506)*'Stock In'!L7:L506),0) -> 0 | E114: =IFERROR(SUMPRODUCT((TEXT('Stock In'!$A$7:$A$506,"MMM YYYY")=A114)*ISNUMBER('Stock In'!$A$7:$A$506)*'Stock In'!O7:O506),0) -> 0 | F114: =IFERROR(SUMPRODUCT((TEXT('Stock In'!$A$7:$A$506,"MMM YYYY")=A114)*ISNUMBER('Stock In'!$A$7:$A$506)*'Stock In'!R7:R506),0) -> 0 | G114: =IFERROR(SUMPRODUCT((TEXT('Stock In'!$A$7:$A$506,"MMM YYYY")=A114)*ISNUMBER('Stock In'!$A$7:$A$506)*'Stock In'!U7:U506),0) -> 0 | H114: =IFERROR(SUMPRODUCT((TEXT('Stock In'!$A$7:$A$506,"MMM YYYY")=A114)*ISNUMBER('Stock In'!$A$7:$A$506)*'Stock In'!X7:X506),0) -> 0 | I114: =IFERROR(SUMPRODUCT((TEXT('Stock In'!$A$7:$A$506,"MMM YYYY")=A114)*ISNUMBER('Stock In'!$A$7:$A$506)*'Stock In'!AA7:AA506),0) -> 0 | J114: =IFERROR(SUMPRODUCT((TEXT('Stock In'!$A$7:$A$506,"MMM YYYY")=A114)*ISNUMBER('Stock In'!$A$7:$A$506)*'Stock In'!AD7:AD506),0) -> 0 | K114: =IFERROR(SUMPRODUCT((TEXT('Stock In'!$A$7:$A$506,"MMM YYYY")=A114)*ISNUMBER('Stock In'!$A$7:$A$506)*'Stock In'!AG7:AG506),0) -> 0 | L114: =IFERROR(SUMPRODUCT((TEXT('Stock In'!$A$7:$A$506,"MMM YYYY")=A114)*ISNUMBER('Stock In'!$A$7:$A$506)*'Stock In'!AJ7:AJ506),0) -> 0 | M114: =IFERROR(SUMPRODUCT((TEXT('Stock In'!$A$7:$A$506,"MMM YYYY")=A114)*ISNUMBER('Stock In'!$A$7:$A$506)*'Stock In'!AM7:AM506),0) -> 0 | N114: =SUM(B114:M114) -> 0
A115: Jul 2026 | B115: =IFERROR(SUMPRODUCT((TEXT('Stock In'!$A$7:$A$506,"MMM YYYY")=A115)*ISNUMBER('Stock In'!$A$7:$A$506)*'Stock In'!F7:F506),0) -> 0 | C115: =IFERROR(SUMPRODUCT((TEXT('Stock In'!$A$7:$A$506,"MMM YYYY")=A115)*ISNUMBER('Stock In'!$A$7:$A$506)*'Stock In'!I7:I506),0) -> 0 | D115: =IFERROR(SUMPRODUCT((TEXT('Stock In'!$A$7:$A$506,"MMM YYYY")=A115)*ISNUMBER('Stock In'!$A$7:$A$506)*'Stock In'!L7:L506),0) -> 0 | E115: =IFERROR(SUMPRODUCT((TEXT('Stock In'!$A$7:$A$506,"MMM YYYY")=A115)*ISNUMBER('Stock In'!$A$7:$A$506)*'Stock In'!O7:O506),0) -> 0 | F115: =IFERROR(SUMPRODUCT((TEXT('Stock In'!$A$7:$A$506,"MMM YYYY")=A115)*ISNUMBER('Stock In'!$A$7:$A$506)*'Stock In'!R7:R506),0) -> 0 | G115: =IFERROR(SUMPRODUCT((TEXT('Stock In'!$A$7:$A$506,"MMM YYYY")=A115)*ISNUMBER('Stock In'!$A$7:$A$506)*'Stock In'!U7:U506),0) -> 0 | H115: =IFERROR(SUMPRODUCT((TEXT('Stock In'!$A$7:$A$506,"MMM YYYY")=A115)*ISNUMBER('Stock In'!$A$7:$A$506)*'Stock In'!X7:X506),0) -> 0 | I115: =IFERROR(SUMPRODUCT((TEXT('Stock In'!$A$7:$A$506,"MMM YYYY")=A115)*ISNUMBER('Stock In'!$A$7:$A$506)*'Stock In'!AA7:AA506),0) -> 0 | J115: =IFERROR(SUMPRODUCT((TEXT('Stock In'!$A$7:$A$506,"MMM YYYY")=A115)*ISNUMBER('Stock In'!$A$7:$A$506)*'Stock In'!AD7:AD506),0) -> 0 | K115: =IFERROR(SUMPRODUCT((TEXT('Stock In'!$A$7:$A$506,"MMM YYYY")=A115)*ISNUMBER('Stock In'!$A$7:$A$506)*'Stock In'!AG7:AG506),0) -> 0 | L115: =IFERROR(SUMPRODUCT((TEXT('Stock In'!$A$7:$A$506,"MMM YYYY")=A115)*ISNUMBER('Stock In'!$A$7:$A$506)*'Stock In'!AJ7:AJ506),0) -> 0 | M115: =IFERROR(SUMPRODUCT((TEXT('Stock In'!$A$7:$A$506,"MMM YYYY")=A115)*ISNUMBER('Stock In'!$A$7:$A$506)*'Stock In'!AM7:AM506),0) -> 0 | N115: =SUM(B115:M115) -> 0
A118: © 2026 MeDa Partners Pvt Ltd · Systems by MeDa Partners · Brand: Wayveda® · www.meda.partners · Dream. Deliver. Dominate.

Sheet Daily Dispatch
A1: ✦ MeDa Partners | Dream · Deliver · Dominate Daily Dispatch — Raw Data | Vendor Entry Only
A3: ⚠ Systems by MeDa Partners Pvt Ltd (www.meda.partners) | Brand: Wayveda® | Confidential & Proprietary
A4: ⚠ Vendor ya Google Form se auto-fill hoga · Direct edit mat karo · Formulas mat todna
A6: Date | B6: Bum Plumping C | C6: Intimate White | D6: Chocolate Powe | E6: Strawberry Pow | F6: Bhasam Power C | G6: Power Shots Sa | H6: Hairfall Contr | I6: Hairfall Contr | J6: Hairfall Contr | K6: Anti-Hairfall | L6: Power Roll Oil | M6: Power Shot Oil | N6: Day Total | O6: Notes
N7: =IF(COUNTA(B7:M7)=0,"",SUMPRODUCT((ISNUMBER(B7:M7))*B7:M7))
N8: =IF(COUNTA(B8:M8)=0,"",SUMPRODUCT((ISNUMBER(B8:M8))*B8:M8))
N9: =IF(COUNTA(B9:M9)=0,"",SUMPRODUCT((ISNUMBER(B9:M9))*B9:M9))
N10: =IF(COUNTA(B10:M10)=0,"",SUMPRODUCT((ISNUMBER(B10:M10))*B10:M10))
N11: =IF(COUNTA(B11:M11)=0,"",SUMPRODUCT((ISNUMBER(B11:M11))*B11:M11))
N12: =IF(COUNTA(B12:M12)=0,"",SUMPRODUCT((ISNUMBER(B12:M12))*B12:M12))
N13: =IF(COUNTA(B13:M13)=0,"",SUMPRODUCT((ISNUMBER(B13:M13))*B13:M13))
N14: =IF(COUNTA(B14:M14)=0,"",SUMPRODUCT((ISNUMBER(B14:M14))*B14:M14))
N15: =IF(COUNTA(B15:M15)=0,"",SUMPRODUCT((ISNUMBER(B15:M15))*B15:M15))
N16: =IF(COUNTA(B16:M16)=0,"",SUMPRODUCT((ISNUMBER(B16:M16))*B16:M16))
N17: =IF(COUNTA(B17:M17)=0,"",SUMPRODUCT((ISNUMBER(B17:M17))*B17:M17))
N18: =IF(COUNTA(B18:M18)=0,"",SUMPRODUCT((ISNUMBER(B18:M18))*B18:M18))
... N506: =IF(COUNTA(B506:M506)=0,"",SUMPRODUCT((ISNUMBER(B506:M506))*B506:M506))
A510: © 2026 MeDa Partners Pvt Ltd · Systems by MeDa Partners · Brand: Wayveda® · www.meda.partners · Dream. Deliver. Dominate.

Sheet RTO Log
A1: ✦ MeDa Partners | Dream · Deliver · Dominate RTO Log — Raw Data | Vendor Entry Only
A3: ⚠ Systems by MeDa Partners Pvt Ltd (www.meda.partners) | Brand: Wayveda® | Confidential & Proprietary
A4: ⚠ Right = recovered stock · Wrong = warehouse galti · Fake/Damaged = lost permanently
A6: Date | B6: Bum Plumping Cre | E6: Intimate Whiteni | H6: Chocolate Power | K6: Strawberry Power | N6: Bhasam Power Cap | Q6: Power Shots Sach | T6: Hairfall Control | W6: Hairfall Control | Z6: Hairfall Control | AC6: Anti-Hairfall Ki | AF6: Power Roll Oil U | AI6: Power Shot Oil | AL6: Notes
B7: Right | C7: Wrong | D7: Fake | E7: Right | F7: Wrong | G7: Fake | H7: Right | I7: Wrong | J7: Fake | K7: Right | L7: Wrong | M7: Fake | N7: Right | O7: Wrong | P7: Fake | Q7: Right | R7: Wrong | S7: Fake | T7: Right | U7: Wrong | V7: Fake | W7: Right | X7: Wrong | Y7: Fake | Z7: Right | AA7: Wrong | AB7: Fake | AC7: Right | AD7: Wrong | AE7: Fake | AF7: Right | AG7: Wrong | AH7: Fake | AI7: Right | AJ7: Wrong | AK7: Fake
A511: © 2026 MeDa Partners Pvt Ltd · Systems by MeDa Partners · Brand: Wayveda® · www.meda.partners · Dream. Deliver. Dominate.

Sheet Stock In
A1: ✦ MeDa Partners | Dream · Deliver · Dominate Stock In — Inbound Raw Data | Vendor Entry Only
A3: ⚠ Systems by MeDa Partners Pvt Ltd (www.meda.partners) | Brand: Wayveda® | Confidential & Proprietary
A4: ⚠ Sirf tab bharo jab naya maal aaya ho · Total = Cartons × Qty per Carton (auto)
A6: Sr. | B6: Total Ctns | C6: Date | D6: Bum Plumping Cre | G6: Intimate Whiteni | J6: Chocolate Power | M6: Strawberry Power | P6: Bhasam Power Cap | S6: Power Shots Sach | V6: Hairfall Control | Y6: Hairfall Control | AB6: Hairfall Control | AE6: Anti-Hairfall Ki | AH6: Power Roll Oil U | AK6: Power Shot Oil | AN6: Notes
D7: Cartons | E7: Qty/Ctn | F7: Total | G7: Cartons | H7: Qty/Ctn | I7: Total | J7: Cartons | K7: Qty/Ctn | L7: Total | M7: Cartons | N7: Qty/Ctn | O7: Total | P7: Cartons | Q7: Qty/Ctn | R7: Total | S7: Cartons | T7: Qty/Ctn | U7: Total | V7: Cartons | W7: Qty/Ctn | X7: Total | Y7: Cartons | Z7: Qty/Ctn | AA7: Total | AB7: Cartons | AC7: Qty/Ctn | AD7: Total | AE7: Cartons | AF7: Qty/Ctn | AG7: Total | AH7: Cartons | AI7: Qty/Ctn | AJ7: Total | AK7: Cartons | AL7: Qty/Ctn | AM7: Total
A8: 1 | F8: =IFERROR(IF(D8="","",D8*E8),"") | I8: =IFERROR(IF(G8="","",G8*H8),"") | L8: =IFERROR(IF(J8="","",J8*K8),"") | O8: =IFERROR(IF(M8="","",M8*N8),"") | R8: =IFERROR(IF(P8="","",P8*Q8),"") | U8: =IFERROR(IF(S8="","",S8*T8),"") | X8: =IFERROR(IF(V8="","",V8*W8),"") | AA8: =IFERROR(IF(Y8="","",Y8*Z8),"") | AD8: =IFERROR(IF(AB8="","",AB8*AC8),"") | AG8: =IFERROR(IF(AE8="","",AE8*AF8),"") | AJ8: =IFERROR(IF(AH8="","",AH8*AI8),"") | AM8: =IFERROR(IF(AK8="","",AK8*AL8),"")
A9: 2 | F9: =IFERROR(IF(D9="","",D9*E9),"") | I9: =IFERROR(IF(G9="","",G9*H9),"") | L9: =IFERROR(IF(J9="","",J9*K9),"") | O9: =IFERROR(IF(M9="","",M9*N9),"") | R9: =IFERROR(IF(P9="","",P9*Q9),"") | U9: =IFERROR(IF(S9="","",S9*T9),"") | X9: =IFERROR(IF(V9="","",V9*W9),"") | AA9: =IFERROR(IF(Y9="","",Y9*Z9),"") | AD9: =IFERROR(IF(AB9="","",AB9*AC9),"") | AG9: =IFERROR(IF(AE9="","",AE9*AF9),"") | AJ9: =IFERROR(IF(AH9="","",AH9*AI9),"") | AM9: =IFERROR(IF(AK9="","",AK9*AL9),"")
A10: 3 | F10: =IFERROR(IF(D10="","",D10*E10),"") | I10: =IFERROR(IF(G10="","",G10*H10),"") | L10: =IFERROR(IF(J10="","",J10*K10),"") | O10: =IFERROR(IF(M10="","",M10*N10),"") | R10: =IFERROR(IF(P10="","",P10*Q10),"") | U10: =IFERROR(IF(S10="","",S10*T10),"") | X10: =IFERROR(IF(V10="","",V10*W10),"") | AA10: =IFERROR(IF(Y10="","",Y10*Z10),"") | AD10: =IFERROR(IF(AB10="","",AB10*AC10),"") | AG10: =IFERROR(IF(AE10="","",AE10*AF10),"") | AJ10: =IFERROR(IF(AH10="","",AH10*AI10),"") | AM10: =IFERROR(IF(AK10="","",AK10*AL10),"")
A11: 4 | F11: =IFERROR(IF(D11="","",D11*E11),"") | I11: =IFERROR(IF(G11="","",G11*H11),"") | L11: =IFERROR(IF(J11="","",J11*K11),"") | O11: =IFERROR(IF(M11="","",M11*N11),"") | R11: =IFERROR(IF(P11="","",P11*Q11),"") | U11: =IFERROR(IF(S11="","",S11*T11),"") | X11: =IFERROR(IF(V11="","",V11*W11),"") | AA11: =IFERROR(IF(Y11="","",Y11*Z11),"") | AD11: =IFERROR(IF(AB11="","",AB11*AC11),"") | AG11: =IFERROR(IF(AE11="","",AE11*AF11),"") | AJ11: =IFERROR(IF(AH11="","",AH11*AI11),"") | AM11: =IFERROR(IF(AK11="","",AK11*AL11),"")
A12: 5 | F12: =IFERROR(IF(D12="","",D12*E12),"") | I12: =IFERROR(IF(G12="","",G12*H12),"") | L12: =IFERROR(IF(J12="","",J12*K12),"") | O12: =IFERROR(IF(M12="","",M12*N12),"") | R12: =IFERROR(IF(P12="","",P12*Q12),"") | U12: =IFERROR(IF(S12="","",S12*T12),"") | X12: =IFERROR(IF(V12="","",V12*W12),"") | AA12: =IFERROR(IF(Y12="","",Y12*Z12),"") | AD12: =IFERROR(IF(AB12="","",AB12*AC12),"") | AG12: =IFERROR(IF(AE12="","",AE12*AF12),"") | AJ12: =IFERROR(IF(AH12="","",AH12*AI12),"") | AM12: =IFERROR(IF(AK12="","",AK12*AL12),"")
A13: 6 | F13: =IFERROR(IF(D13="","",D13*E13),"") | I13: =IFERROR(IF(G13="","",G13*H13),"") | L13: =IFERROR(IF(J13="","",J13*K13),"") | O13: =IFERROR(IF(M13="","",M13*N13),"") | R13: =IFERROR(IF(P13="","",P13*Q13),"") | U13: =IFERROR(IF(S13="","",S13*T13),"") | X13: =IFERROR(IF(V13="","",V13*W13),"") | AA13: =IFERROR(IF(Y13="","",Y13*Z13),"") | AD13: =IFERROR(IF(AB13="","",AB13*AC13),"") | AG13: =IFERROR(IF(AE13="","",AE13*AF13),"") | AJ13: =IFERROR(IF(AH13="","",AH13*AI13),"") | AM13: =IFERROR(IF(AK13="","",AK13*AL13),"")
A14: 7 | F14: =IFERROR(IF(D14="","",D14*E14),"") | I14: =IFERROR(IF(G14="","",G14*H14),"") | L14: =IFERROR(IF(J14="","",J14*K14),"") | O14: =IFERROR(IF(M14="","",M14*N14),"") | R14: =IFERROR(IF(P14="","",P14*Q14),"") | U14: =IFERROR(IF(S14="","",S14*T14),"") | X14: =IFERROR(IF(V14="","",V14*W14),"") | AA14: =IFERROR(IF(Y14="","",Y14*Z14),"") | AD14: =IFERROR(IF(AB14="","",AB14*AC14),"") | AG14: =IFERROR(IF(AE14="","",AE14*AF14),"") | AJ14: =IFERROR(IF(AH14="","",AH14*AI14),"") | AM14: =IFERROR(IF(AK14="","",AK14*AL14),"")
A15: 8 | F15: =IFERROR(IF(D15="","",D15*E15),"") | I15: =IFERROR(IF(G15="","",G15*H15),"") | L15: =IFERROR(IF(J15="","",J15*K15),"") | O15: =IFERROR(IF(M15="","",M15*N15),"") | R15: =IFERROR(IF(P15="","",P15*Q15),"") | U15: =IFERROR(IF(S15="","",S15*T15),"") | X15: =IFERROR(IF(V15="","",V15*W15),"") | AA15: =IFERROR(IF(Y15="","",Y15*Z15),"") | AD15: =IFERROR(IF(AB15="","",AB15*AC15),"") | AG15: =IFERROR(IF(AE15="","",AE15*AF15),"") | AJ15: =IFERROR(IF(AH15="","",AH15*AI15),"") | AM15: =IFERROR(IF(AK15="","",AK15*AL15),"")
A16: 9 | F16: =IFERROR(IF(D16="","",D16*E16),"") | I16: =IFERROR(IF(G16="","",G16*H16),"") | L16: =IFERROR(IF(J16="","",J16*K16),"") | O16: =IFERROR(IF(M16="","",M16*N16),"") | R16: =IFERROR(IF(P16="","",P16*Q16),"") | U16: =IFERROR(IF(S16="","",S16*T16),"") | X16: =IFERROR(IF(V16="","",V16*W16),"") | AA16: =IFERROR(IF(Y16="","",Y16*Z16),"") | AD16: =IFERROR(IF(AB16="","",AB16*AC16),"") | AG16: =IFERROR(IF(AE16="","",AE16*AF16),"") | AJ16: =IFERROR(IF(AH16="","",AH16*AI16),"") | AM16: =IFERROR(IF(AK16="","",AK16*AL16),"")
A17: 10 | F17: =IFERROR(IF(D17="","",D17*E17),"") | I17: =IFERROR(IF(G17="","",G17*H17),"") | L17: =IFERROR(IF(J17="","",J17*K17),"") | O17: =IFERROR(IF(M17="","",M17*N17),"") | R17: =IFERROR(IF(P17="","",P17*Q17),"") | U17: =IFERROR(IF(S17="","",S17*T17),"") | X17: =IFERROR(IF(V17="","",V17*W17),"") | AA17: =IFERROR(IF(Y17="","",Y17*Z17),"") | AD17: =IFERROR(IF(AB17="","",AB17*AC17),"") | AG17: =IFERROR(IF(AE17="","",AE17*AF17),"") | AJ17: =IFERROR(IF(AH17="","",AH17*AI17),"") | AM17: =IFERROR(IF(AK17="","",AK17*AL17),"")
A18: 11 | F18: =IFERROR(IF(D18="","",D18*E18),"") | I18: =IFERROR(IF(G18="","",G18*H18),"") | L18: =IFERROR(IF(J18="","",J18*K18),"") | O18: =IFERROR(IF(M18="","",M18*N18),"") | R18: =IFERROR(IF(P18="","",P18*Q18),"") | U18: =IFERROR(IF(S18="","",S18*T18),"") | X18: =IFERROR(IF(V18="","",V18*W18),"") | AA18: =IFERROR(IF(Y18="","",Y18*Z18),"") | AD18: =IFERROR(IF(AB18="","",AB18*AC18),"") | AG18: =IFERROR(IF(AE18="","",AE18*AF18),"") | AJ18: =IFERROR(IF(AH18="","",AH18*AI18),"") | AM18: =IFERROR(IF(AK18="","",AK18*AL18),"")
A19: 12 | F19: =IFERROR(IF(D19="","",D19*E19),"") | I19: =IFERROR(IF(G19="","",G19*H19),"") | L19: =IFERROR(IF(J19="","",J19*K19),"") | O19: =IFERROR(IF(M19="","",M19*N19),"") | R19: =IFERROR(IF(P19="","",P19*Q19),"") | U19: =IFERROR(IF(S19="","",S19*T19),"") | X19: =IFERROR(IF(V19="","",V19*W19),"") | AA19: =IFERROR(IF(Y19="","",Y19*Z19),"") | AD19: =IFERROR(IF(AB19="","",AB19*AC19),"") | AG19: =IFERROR(IF(AE19="","",AE19*AF19),"") | AJ19: =IFERROR(IF(AH19="","",AH19*AI19),"") | AM19: =IFERROR(IF(AK19="","",AK19*AL19),"")
... A207: 200 | F207: =IFERROR(IF(D207="","",D207*E207),"") | I207: =IFERROR(IF(G207="","",G207*H207),"") | L207: =IFERROR(IF(J207="","",J207*K207),"") | O207: =IFERROR(IF(M207="","",M207*N207),"") | R207: =IFERROR(IF(P207="","",P207*Q207),"") | U207: =IFERROR(IF(S207="","",S207*T207),"") | X207: =IFERROR(IF(V207="","",V207*W207),"") | AA207: =IFERROR(IF(Y207="","",Y207*Z207),"") | AD207: =IFERROR(IF(AB207="","",AB207*AC207),"") | AG207: =IFERROR(IF(AE207="","",AE207*AF207),"") | AJ207: =IFERROR(IF(AH207="","",AH207*AI207),"") | AM207: =IFERROR(IF(AK207="","",AK207*AL207),"")
A211: © 2026 MeDa Partners Pvt Ltd · Systems by MeDa Partners · Brand: Wayveda® · www.meda.partners · Dream. Deliver. Dominate.

Sheet Form Responses
A1: ✦ MeDa Partners | Dream · Deliver · Dominate Form Responses — Auto Fill Only | Do Not Edit
A3: ⚠ Systems by MeDa Partners Pvt Ltd (www.meda.partners) | Brand: Wayveda® | Confidential & Proprietary
A4: ⚠ Google Form se auto-fill hogi · KUCH MAT KARO YAHAN
A6: Timestamp | B6: Date | C6: Submitted By | D6: Entry Type | E6: Data | F6: Notes
A12: © 2026 MeDa Partners Pvt Ltd · Systems by MeDa Partners · Brand: Wayveda® · www.meda.partners · Dream. Deliver. Dominate.
